[2026-07-28T05:24:21.827Z] GET /api/notifications - Content-Length: 0 - IP: ::1
[2026-07-28T05:25:21.821Z] GET /api/notifications - Content-Length: 0 - IP: ::1
[2026-07-28T05:25:30.241Z] GET /api/notifications - Content-Length: 0 - IP: ::1
[2026-07-28T05:25:31.921Z] POST /api/products - Content-Length: 36269021 - IP: ::1
[2026-07-28T05:25:39.716Z] GET /api/notifications - Content-Length: 0 - IP: ::1
[2026-07-28T05:25:50.572Z] ❌ ERROR: File size too large. Got 13352653. Maximum is 10485760.
Stack: undefined
[2026-07-28T05:25:54.713Z] GET /api/notifications - Content-Length: 0 - IP: ::1
[2026-07-28T05:26:09.723Z] GET /api/notifications - Content-Length: 0 - IP: ::1
[2026-07-28T05:26:24.720Z] GET /api/notifications - Content-Length: 0 - IP: ::1
[2026-07-28T05:26:39.812Z] GET /api/notifications - Content-Length: 0 - IP: ::1
[2026-07-28T05:26:54.820Z] GET /api/notifications - Content-Length: 0 - IP: ::1
[2026-07-28T05:27:09.808Z] GET /api/notifications - Content-Length: 0 - IP: ::1
[2026-07-28T05:27:24.820Z] GET /api/notifications - Content-Length: 0 - IP: ::1
[2026-07-28T05:28:21.828Z] GET /api/notifications - Content-Length: 0 - IP: ::1
[2026-07-28T05:29:21.824Z] GET /api/notifications - Content-Length: 0 - IP: ::1
[2026-07-28T05:30:21.818Z] GET /api/notifications - Content-Length: 0 - IP: ::1
[2026-07-28T05:31:21.822Z] GET /api/notifications - Content-Length: 0 - IP: ::1
[2026-07-28T05:32:21.820Z] GET /api/notifications - Content-Length: 0 - IP: ::1
[2026-07-28T05:33:21.822Z] GET /api/notifications - Content-Length: 0 - IP: ::1
[2026-07-28T05:34:21.809Z] GET /api/notifications - Content-Length: 0 - IP: ::1
[2026-07-28T05:35:21.822Z] GET /api/notifications - Content-Length: 0 - IP: ::1
[2026-07-28T05:36:21.822Z] GET /api/notifications - Content-Length: 0 - IP: ::1
[2026-07-28T05:37:21.815Z] GET /api/notifications - Content-Length: 0 - IP: ::1
[2026-07-28T05:38:21.814Z] GET /api/notifications - Content-Length: 0 - IP: ::1
[2026-07-28T05:39:21.809Z] GET /api/notifications - Content-Length: 0 - IP: ::1
[2026-07-28T05:40:21.812Z] GET /api/notifications - Content-Length: 0 - IP: ::1
[2026-07-28T05:41:21.810Z] GET /api/notifications - Content-Length: 0 - IP: ::1
[2026-07-28T05:42:21.811Z] GET /api/notifications - Content-Length: 0 - IP: ::1
[2026-07-28T05:43:21.821Z] GET /api/notifications - Content-Length: 0 - IP: ::1
[2026-07-28T05:44:21.811Z] GET /api/notifications - Content-Length: 0 - IP: ::1
[2026-07-28T05:45:21.809Z] GET /api/notifications - Content-Length: 0 - IP: ::1
[2026-07-28T05:46:21.820Z] GET /api/notifications - Content-Length: 0 - IP: ::1
[2026-07-28T05:47:21.810Z] GET /api/notifications - Content-Length: 0 - IP: ::1
[2026-07-28T05:48:21.824Z] GET /api/notifications - Content-Length: 0 - IP: ::1
[2026-07-28T05:49:21.820Z] GET /api/notifications - Content-Length: 0 - IP: ::1
[2026-07-28T05:50:21.811Z] GET /api/notifications - Content-Length: 0 - IP: ::1
[2026-07-28T05:51:21.814Z] GET /api/notifications - Content-Length: 0 - IP: ::1
[2026-07-28T05:52:21.809Z] GET /api/notifications - Content-Length: 0 - IP: ::1
[2026-07-28T05:53:21.807Z] GET /api/notifications - Content-Length: 0 - IP: ::1
[2026-07-28T05:54:21.811Z] GET /api/notifications - Content-Length: 0 - IP: ::1
[2026-07-28T05:54:26.063Z] GET /api/notifications - Content-Length: 0 - IP: ::1
[2026-07-28T05:54:29.645Z] GET /api/banners/categories - Content-Length: 0 - IP: ::1
[2026-07-28T05:54:29.649Z] GET /api/banners - Content-Length: 0 - IP: ::1
[2026-07-28T05:54:29.657Z] GET /api/products - Content-Length: 0 - IP: ::1
[2026-07-28T05:54:39.724Z] GET /api/notifications - Content-Length: 0 - IP: ::1
[2026-07-28T05:54:41.246Z] GET /api/payment/dashboard-stats - Content-Length: 0 - IP: ::1
[2026-07-28T05:54:54.808Z] GET /api/notifications - Content-Length: 0 - IP: ::1
[2026-07-28T05:55:09.720Z] GET /api/notifications - Content-Length: 0 - IP: ::1
[2026-07-28T05:55:10.663Z] GET /api/products - Content-Length: 0 - IP: ::1
[2026-07-28T05:55:10.667Z] GET /api/banners/categories - Content-Length: 0 - IP: ::1
[2026-07-28T05:55:10.692Z] GET /api/auth/me - Content-Length: 0 - IP: ::1
[2026-07-28T05:55:15.185Z] GET /api/products - Content-Length: 0 - IP: ::1
[2026-07-28T05:55:15.192Z] GET /api/banners/categories - Content-Length: 0 - IP: ::1
[2026-07-28T05:55:15.196Z] GET /api/auth/me - Content-Length: 0 - IP: ::1
[2026-07-28T05:55:21.922Z] GET /api/products - Content-Length: 0 - IP: ::1
[2026-07-28T05:55:21.931Z] GET /api/banners/categories - Content-Length: 0 - IP: ::1
[2026-07-28T05:55:21.934Z] GET /api/auth/me - Content-Length: 0 - IP: ::1
[2026-07-28T05:55:23.431Z] GET /api/products - Content-Length: 0 - IP: ::1
[2026-07-28T05:55:23.434Z] GET /api/banners/categories - Content-Length: 0 - IP: ::1
[2026-07-28T05:55:23.436Z] GET /api/auth/me - Content-Length: 0 - IP: ::1
[2026-07-28T05:55:23.498Z] GET /api/banners/categories - Content-Length: 0 - IP: ::1
[2026-07-28T05:55:25.566Z] GET /api/banners/categories - Content-Length: 0 - IP: ::1
[2026-07-28T05:55:25.568Z] GET /api/products - Content-Length: 0 - IP: ::1
[2026-07-28T05:55:27.035Z] GET /api/banners/categories - Content-Length: 0 - IP: ::1
[2026-07-28T05:55:28.794Z] GET /api/products - Content-Length: 0 - IP: ::1
[2026-07-28T05:55:28.799Z] GET /api/banners/categories - Content-Length: 0 - IP: ::1
[2026-07-28T05:55:28.802Z] GET /api/auth/me - Content-Length: 0 - IP: ::1
[2026-07-28T05:55:28.848Z] GET /api/banners/categories - Content-Length: 0 - IP: ::1
[2026-07-28T05:55:28.850Z] GET /api/products - Content-Length: 0 - IP: ::1
[2026-07-28T06:04:31.772Z] OPTIONS /api/auth/google-login - Content-Length: 0 - IP: ::1
[2026-07-28T06:04:31.786Z] POST /api/auth/google-login - Content-Length: 1198 - IP: ::1
[2026-07-28T06:04:36.539Z] GET /api/notifications - Content-Length: 0 - IP: ::1
[2026-07-28T06:04:42.351Z] GET /api/payment/dashboard-stats - Content-Length: 0 - IP: ::1
[2026-07-28T06:04:44.392Z] GET /api/products - Content-Length: 0 - IP: ::1
[2026-07-28T06:04:44.618Z] GET /api/payment/orders - Content-Length: 0 - IP: ::1
[2026-07-28T06:04:47.215Z] GET /api/banners - Content-Length: 0 - IP: ::1
[2026-07-28T06:04:47.219Z] GET /api/banners/categories - Content-Length: 0 - IP: ::1
[2026-07-28T06:04:50.352Z] GET /api/banners/categories - Content-Length: 0 - IP: ::1
[2026-07-28T06:04:50.355Z] GET /api/banners - Content-Length: 0 - IP: ::1
[2026-07-28T06:04:50.359Z] GET /api/products - Content-Length: 0 - IP: ::1
[2026-07-28T06:04:51.540Z] GET /api/notifications - Content-Length: 0 - IP: ::1
[2026-07-28T06:04:59.824Z] GET /api/payment/dashboard-stats - Content-Length: 0 - IP: ::1
[2026-07-28T06:05:01.874Z] GET /api/products - Content-Length: 0 - IP: ::1
[2026-07-28T06:05:01.891Z] GET /api/payment/orders - Content-Length: 0 - IP: ::1
[2026-07-28T06:05:02.229Z] GET /api/banners - Content-Length: 0 - IP: ::1
[2026-07-28T06:05:02.233Z] GET /api/banners/categories - Content-Length: 0 - IP: ::1
[2026-07-28T06:05:04.176Z] GET /api/products - Content-Length: 0 - IP: ::1
[2026-07-28T06:05:06.551Z] GET /api/notifications - Content-Length: 0 - IP: ::1
[2026-07-28T06:05:21.538Z] GET /api/notifications - Content-Length: 0 - IP: ::1
[2026-07-28T06:05:36.544Z] GET /api/notifications - Content-Length: 0 - IP: ::1
[2026-07-28T06:05:51.538Z] GET /api/notifications - Content-Length: 0 - IP: ::1
[2026-07-28T06:06:06.538Z] GET /api/notifications - Content-Length: 0 - IP: ::1
[2026-07-28T06:06:21.539Z] GET /api/notifications - Content-Length: 0 - IP: ::1
[2026-07-28T06:06:36.547Z] GET /api/notifications - Content-Length: 0 - IP: ::1
[2026-07-28T06:06:51.551Z] GET /api/notifications - Content-Length: 0 - IP: ::1
[2026-07-28T06:06:56.215Z] POST /api/products - Content-Length: 32561569 - IP: ::1
[2026-07-28T06:07:06.546Z] GET /api/notifications - Content-Length: 0 - IP: ::1
[2026-07-28T06:07:15.535Z] ❌ ERROR: File size too large. Got 11761790. Maximum is 10485760.
Stack: undefined
[2026-07-28T06:07:21.541Z] GET /api/notifications - Content-Length: 0 - IP: ::1
[2026-07-28T06:07:36.550Z] GET /api/notifications - Content-Length: 0 - IP: ::1
[2026-07-28T06:07:51.546Z] GET /api/notifications - Content-Length: 0 - IP: ::1
[2026-07-28T06:08:06.537Z] GET /api/notifications - Content-Length: 0 - IP: ::1
[2026-07-28T06:08:21.551Z] GET /api/notifications - Content-Length: 0 - IP: ::1
[2026-07-28T06:08:36.542Z] GET /api/notifications - Content-Length: 0 - IP: ::1
[2026-07-28T06:08:51.817Z] GET /api/notifications - Content-Length: 0 - IP: ::1
[2026-07-28T06:09:06.818Z] GET /api/notifications - Content-Length: 0 - IP: ::1
[2026-07-28T06:09:21.815Z] GET /api/notifications - Content-Length: 0 - IP: ::1
[2026-07-28T06:09:36.817Z] GET /api/notifications - Content-Length: 0 - IP: ::1
[2026-07-28T06:10:21.824Z] GET /api/notifications - Content-Length: 0 - IP: ::1
[2026-07-28T06:11:21.816Z] GET /api/notifications - Content-Length: 0 - IP: ::1
[2026-07-28T06:12:21.813Z] GET /api/notifications - Content-Length: 0 - IP: ::1
[2026-07-28T06:13:21.814Z] GET /api/notifications - Content-Length: 0 - IP: ::1
[2026-07-28T06:13:41.031Z] GET /api/notifications - Content-Length: 0 - IP: ::1
[2026-07-28T06:13:41.581Z] GET /api/banners/categories - Content-Length: 0 - IP: ::1
[2026-07-28T06:13:44.210Z] POST /api/products - Content-Length: 32561569 - IP: ::1
[2026-07-28T06:13:51.810Z] GET /api/notifications - Content-Length: 0 - IP: ::1
[2026-07-28T06:14:04.553Z] ❌ ERROR: Request Timeout
Stack: undefined
[2026-07-28T06:14:06.540Z] GET /api/notifications - Content-Length: 0 - IP: ::1
[2026-07-28T06:14:21.537Z] GET /api/notifications - Content-Length: 0 - IP: ::1
[2026-07-28T06:14:32.332Z] POST /api/products - Content-Length: 8530 - IP: ::1
[2026-07-28T06:14:36.542Z] GET /api/notifications - Content-Length: 0 - IP: ::1
[2026-07-28T06:14:37.207Z] GET /api/products - Content-Length: 0 - IP: ::1
[2026-07-28T06:14:51.528Z] GET /api/notifications - Content-Length: 0 - IP: ::1
[2026-07-28T06:15:06.543Z] GET /api/notifications - Content-Length: 0 - IP: ::1
[2026-07-28T06:15:21.542Z] GET /api/notifications - Content-Length: 0 - IP: ::1
[2026-07-28T06:15:36.543Z] GET /api/notifications - Content-Length: 0 - IP: ::1
[2026-07-28T06:15:45.785Z] POST /api/products - Content-Length: 13802 - IP: ::1
[2026-07-28T06:15:49.493Z] GET /api/products - Content-Length: 0 - IP: ::1
[2026-07-28T06:15:51.534Z] GET /api/notifications - Content-Length: 0 - IP: ::1
[2026-07-28T06:16:06.546Z] GET /api/notifications - Content-Length: 0 - IP: ::1
[2026-07-28T06:16:21.551Z] GET /api/notifications - Content-Length: 0 - IP: ::1
[2026-07-28T06:16:36.551Z] GET /api/notifications - Content-Length: 0 - IP: ::1
[2026-07-28T06:16:51.541Z] GET /api/notifications - Content-Length: 0 - IP: ::1
[2026-07-28T06:17:06.536Z] GET /api/notifications - Content-Length: 0 - IP: ::1
[2026-07-28T06:17:18.160Z] POST /api/products - Content-Length: 114521 - IP: ::1
[2026-07-28T06:17:21.542Z] GET /api/notifications - Content-Length: 0 - IP: ::1
[2026-07-28T06:17:22.929Z] GET /api/products - Content-Length: 0 - IP: ::1
[2026-07-28T06:17:32.623Z] GET /api/banners/categories - Content-Length: 0 - IP: ::1
[2026-07-28T06:17:32.625Z] GET /api/banners - Content-Length: 0 - IP: ::1
[2026-07-28T06:17:32.628Z] GET /api/products - Content-Length: 0 - IP: ::1
[2026-07-28T06:17:34.970Z] GET /api/banners/categories - Content-Length: 0 - IP: ::1
[2026-07-28T06:17:34.973Z] GET /api/products - Content-Length: 0 - IP: ::1
[2026-07-28T06:17:36.541Z] GET /api/notifications - Content-Length: 0 - IP: ::1
[2026-07-28T06:17:41.241Z] GET /api/banners/categories - Content-Length: 0 - IP: ::1
[2026-07-28T06:17:41.244Z] GET /api/banners - Content-Length: 0 - IP: ::1
[2026-07-28T06:17:41.246Z] GET /api/products - Content-Length: 0 - IP: ::1
[2026-07-28T06:17:50.133Z] GET /api/payment/dashboard-stats - Content-Length: 0 - IP: ::1
[2026-07-28T06:17:51.517Z] GET /api/products - Content-Length: 0 - IP: ::1
[2026-07-28T06:17:51.541Z] GET /api/notifications - Content-Length: 0 - IP: ::1
[2026-07-28T06:17:52.541Z] GET /api/payment/orders - Content-Length: 0 - IP: ::1
[2026-07-28T06:18:06.538Z] GET /api/notifications - Content-Length: 0 - IP: ::1
[2026-07-28T06:18:21.539Z] GET /api/notifications - Content-Length: 0 - IP: ::1
[2026-07-28T06:18:36.545Z] GET /api/notifications - Content-Length: 0 - IP: ::1
[2026-07-28T06:18:51.549Z] GET /api/notifications - Content-Length: 0 - IP: ::1
[2026-07-28T06:18:53.734Z] OPTIONS /api/products/2 - Content-Length: 0 - IP: ::1
[2026-07-28T06:18:53.739Z] PUT /api/products/2 - Content-Length: 192040 - IP: ::1
[2026-07-28T06:18:59.764Z] GET /api/products - Content-Length: 0 - IP: ::1
[2026-07-28T06:19:06.537Z] GET /api/notifications - Content-Length: 0 - IP: ::1
[2026-07-28T06:19:21.548Z] GET /api/notifications - Content-Length: 0 - IP: ::1
[2026-07-28T06:19:32.219Z] OPTIONS /api/products/2 - Content-Length: 0 - IP: ::1
[2026-07-28T06:19:32.223Z] PUT /api/products/2 - Content-Length: 1449 - IP: ::1
[2026-07-28T06:19:33.301Z] GET /api/products - Content-Length: 0 - IP: ::1
[2026-07-28T06:19:35.553Z] GET /api/banners/categories - Content-Length: 0 - IP: ::1
[2026-07-28T06:19:35.555Z] GET /api/banners - Content-Length: 0 - IP: ::1
[2026-07-28T06:19:35.557Z] GET /api/products - Content-Length: 0 - IP: ::1
[2026-07-28T06:19:36.537Z] GET /api/notifications - Content-Length: 0 - IP: ::1
[2026-07-28T06:19:51.538Z] GET /api/notifications - Content-Length: 0 - IP: ::1
[2026-07-28T06:20:05.196Z] GET /api/banners/categories - Content-Length: 0 - IP: ::1
[2026-07-28T06:20:05.201Z] GET /api/products - Content-Length: 0 - IP: ::1
[2026-07-28T06:20:06.536Z] GET /api/notifications - Content-Length: 0 - IP: ::1
[2026-07-28T06:20:16.257Z] GET /api/banners/categories - Content-Length: 0 - IP: ::1
[2026-07-28T06:20:16.262Z] GET /api/banners - Content-Length: 0 - IP: ::1
[2026-07-28T06:20:16.264Z] GET /api/products - Content-Length: 0 - IP: ::1
[2026-07-28T06:20:21.538Z] GET /api/notifications - Content-Length: 0 - IP: ::1
[2026-07-28T06:20:36.814Z] GET /api/notifications - Content-Length: 0 - IP: ::1
[2026-07-28T06:20:51.544Z] GET /api/notifications - Content-Length: 0 - IP: ::1
[2026-07-28T06:21:06.814Z] GET /api/notifications - Content-Length: 0 - IP: ::1
[2026-07-28T06:21:21.821Z] GET /api/notifications - Content-Length: 0 - IP: ::1
[2026-07-28T06:21:36.822Z] GET /api/notifications - Content-Length: 0 - IP: ::1
[2026-07-28T06:23:45.829Z] GET /api/notifications - Content-Length: 0 - IP: ::1
[2026-07-28T06:23:58.725Z] GET /api/banners/categories - Content-Length: 0 - IP: ::1
[2026-07-28T06:23:58.729Z] GET /api/banners - Content-Length: 0 - IP: ::1
[2026-07-28T06:23:58.737Z] GET /api/products - Content-Length: 0 - IP: ::1
[2026-07-28T06:24:00.825Z] GET /api/notifications - Content-Length: 0 - IP: ::1
[2026-07-28T06:24:07.237Z] GET /api/notifications - Content-Length: 0 - IP: ::1
[2026-07-28T06:24:07.241Z] GET /api/products - Content-Length: 0 - IP: ::1
[2026-07-28T06:24:07.243Z] GET /api/banners/categories - Content-Length: 0 - IP: ::1
[2026-07-28T06:24:08.061Z] GET /api/payment/dashboard-stats - Content-Length: 0 - IP: ::1
[2026-07-28T06:24:09.345Z] GET /api/banners - Content-Length: 0 - IP: ::1
[2026-07-28T06:24:09.349Z] GET /api/banners/categories - Content-Length: 0 - IP: ::1
[2026-07-28T06:24:10.171Z] GET /api/payment/orders - Content-Length: 0 - IP: ::1
[2026-07-28T06:24:22.240Z] GET /api/notifications - Content-Length: 0 - IP: ::1
[2026-07-28T06:24:29.212Z] GET /api/notifications - Content-Length: 0 - IP: ::1
[2026-07-28T06:24:29.219Z] GET /api/products - Content-Length: 0 - IP: ::1
[2026-07-28T06:24:29.224Z] GET /api/banners/categories - Content-Length: 0 - IP: ::1
[2026-07-28T06:24:39.292Z] GET /api/notifications - Content-Length: 0 - IP: ::1
[2026-07-28T06:24:39.296Z] GET /api/products - Content-Length: 0 - IP: ::1
[2026-07-28T06:24:39.299Z] GET /api/banners/categories - Content-Length: 0 - IP: ::1
[2026-07-28T06:24:48.076Z] GET /api/notifications - Content-Length: 0 - IP: ::1
[2026-07-28T06:24:48.079Z] GET /api/products - Content-Length: 0 - IP: ::1
[2026-07-28T06:24:48.081Z] GET /api/banners/categories - Content-Length: 0 - IP: ::1
[2026-07-28T06:25:03.089Z] GET /api/notifications - Content-Length: 0 - IP: ::1
[2026-07-28T06:25:18.081Z] GET /api/notifications - Content-Length: 0 - IP: ::1
[2026-07-28T06:25:33.083Z] GET /api/notifications - Content-Length: 0 - IP: ::1
[2026-07-28T06:25:48.091Z] GET /api/notifications - Content-Length: 0 - IP: ::1
[2026-07-28T06:26:03.081Z] GET /api/notifications - Content-Length: 0 - IP: ::1
[2026-07-28T06:26:18.082Z] GET /api/notifications - Content-Length: 0 - IP: ::1
[2026-07-28T06:26:33.818Z] GET /api/notifications - Content-Length: 0 - IP: ::1
[2026-07-28T06:26:48.815Z] GET /api/notifications - Content-Length: 0 - IP: ::1
[2026-07-28T06:27:01.222Z] GET /api/banners/categories - Content-Length: 0 - IP: ::1
[2026-07-28T06:27:01.226Z] GET /api/banners - Content-Length: 0 - IP: ::1
[2026-07-28T06:27:01.228Z] GET /api/products - Content-Length: 0 - IP: ::1
[2026-07-28T06:27:03.077Z] GET /api/notifications - Content-Length: 0 - IP: ::1
[2026-07-28T06:27:18.830Z] GET /api/notifications - Content-Length: 0 - IP: ::1
[2026-07-28T06:27:33.814Z] GET /api/notifications - Content-Length: 0 - IP: ::1
[2026-07-28T06:27:48.814Z] GET /api/notifications - Content-Length: 0 - IP: ::1
[2026-07-28T06:27:59.834Z] GET /api/notifications - Content-Length: 0 - IP: ::1
[2026-07-28T06:27:59.838Z] GET /api/products - Content-Length: 0 - IP: ::1
[2026-07-28T06:27:59.842Z] GET /api/banners/categories - Content-Length: 0 - IP: ::1
[2026-07-28T06:28:08.834Z] GET /api/notifications - Content-Length: 0 - IP: ::1
[2026-07-28T06:28:08.838Z] GET /api/products - Content-Length: 0 - IP: ::1
[2026-07-28T06:28:08.842Z] GET /api/banners/categories - Content-Length: 0 - IP: ::1
[2026-07-28T06:28:24.822Z] GET /api/notifications - Content-Length: 0 - IP: ::1
[2026-07-28T06:28:39.808Z] GET /api/notifications - Content-Length: 0 - IP: ::1
[2026-07-28T06:28:54.821Z] GET /api/notifications - Content-Length: 0 - IP: ::1
[2026-07-28T06:29:09.817Z] GET /api/notifications - Content-Length: 0 - IP: ::1
[2026-07-28T06:29:24.611Z] GET /api/notifications - Content-Length: 0 - IP: ::1
[2026-07-28T06:29:38.836Z] GET /api/notifications - Content-Length: 0 - IP: ::1
[2026-07-28T06:29:53.845Z] GET /api/notifications - Content-Length: 0 - IP: ::1
[2026-07-28T06:29:58.931Z] GET /api/payment/my-orders - Content-Length: 0 - IP: ::1
[2026-07-28T06:30:08.507Z] GET /api/banners/categories - Content-Length: 0 - IP: ::1
[2026-07-28T06:30:08.509Z] GET /api/products - Content-Length: 0 - IP: ::1
[2026-07-28T06:30:08.842Z] GET /api/notifications - Content-Length: 0 - IP: ::1
[2026-07-28T06:30:11.270Z] GET /api/products/Hat_001 - Content-Length: 0 - IP: ::1
[2026-07-28T06:30:20.716Z] GET /api/products/Hat_001 - Content-Length: 0 - IP: ::1
[2026-07-28T06:30:23.836Z] GET /api/notifications - Content-Length: 0 - IP: ::1
[2026-07-28T06:30:28.515Z] OPTIONS /api/products/sync-stock - Content-Length: 0 - IP: ::1
[2026-07-28T06:30:28.519Z] POST /api/products/sync-stock - Content-Length: 11 - IP: ::1
[2026-07-28T06:30:38.830Z] GET /api/notifications - Content-Length: 0 - IP: ::1
[2026-07-28T06:30:53.834Z] GET /api/notifications - Content-Length: 0 - IP: ::1
[2026-07-28T06:30:55.504Z] OPTIONS /api/payment/create-payment-intent - Content-Length: 0 - IP: ::1
[2026-07-28T06:30:55.509Z] POST /api/payment/create-payment-intent - Content-Length: 214 - IP: ::1
[2026-07-28T06:31:01.062Z] GET /api/payment/order/1?email=udomhorn04%40gmail.com - Content-Length: 0 - IP: ::1
[2026-07-28T06:31:08.833Z] GET /api/notifications - Content-Length: 0 - IP: ::1
[2026-07-28T06:31:16.124Z] GET /api/banners/categories - Content-Length: 0 - IP: ::1
[2026-07-28T06:31:16.129Z] GET /api/banners - Content-Length: 0 - IP: ::1
[2026-07-28T06:31:16.131Z] GET /api/products - Content-Length: 0 - IP: ::1
[2026-07-28T06:31:23.838Z] GET /api/notifications - Content-Length: 0 - IP: ::1
[2026-07-28T06:31:31.978Z] GET /api/payment/dashboard-stats - Content-Length: 0 - IP: ::1
[2026-07-28T06:31:33.941Z] GET /api/payment/orders - Content-Length: 0 - IP: ::1
[2026-07-28T06:31:34.059Z] GET /api/products - Content-Length: 0 - IP: ::1
[2026-07-28T06:31:35.161Z] GET /api/banners - Content-Length: 0 - IP: ::1
[2026-07-28T06:31:35.163Z] GET /api/banners/categories - Content-Length: 0 - IP: ::1
[2026-07-28T06:31:38.833Z] GET /api/notifications - Content-Length: 0 - IP: ::1
[2026-07-28T06:31:54.821Z] GET /api/notifications - Content-Length: 0 - IP: ::1
[2026-07-28T06:32:09.813Z] GET /api/notifications - Content-Length: 0 - IP: ::1
[2026-07-28T06:32:24.812Z] GET /api/notifications - Content-Length: 0 - IP: ::1
[2026-07-28T06:32:39.812Z] GET /api/notifications - Content-Length: 0 - IP: ::1
[2026-07-28T06:33:21.813Z] GET /api/notifications - Content-Length: 0 - IP: ::1
[2026-07-28T06:33:50.507Z] GET /api/notifications - Content-Length: 0 - IP: ::1
[2026-07-28T06:33:53.832Z] GET /api/notifications - Content-Length: 0 - IP: ::1
[2026-07-28T06:34:01.617Z] OPTIONS /api/banners/1 - Content-Length: 0 - IP: ::1
[2026-07-28T06:34:01.621Z] DELETE /api/banners/1 - Content-Length: 0 - IP: ::1
[2026-07-28T06:34:04.783Z] POST /api/banners - Content-Length: 223369 - IP: ::1
[2026-07-28T06:34:07.890Z] GET /api/banners - Content-Length: 0 - IP: ::1
[2026-07-28T06:34:08.834Z] GET /api/notifications - Content-Length: 0 - IP: ::1
[2026-07-28T06:34:24.825Z] GET /api/notifications - Content-Length: 0 - IP: ::1
[2026-07-28T06:34:39.817Z] GET /api/notifications - Content-Length: 0 - IP: ::1
[2026-07-28T06:34:54.821Z] GET /api/notifications - Content-Length: 0 - IP: ::1
[2026-07-28T06:35:08.834Z] GET /api/notifications - Content-Length: 0 - IP: ::1
[2026-07-28T06:35:09.202Z] OPTIONS /api/banners/2 - Content-Length: 0 - IP: ::1
[2026-07-28T06:35:09.204Z] DELETE /api/banners/2 - Content-Length: 0 - IP: ::1
[2026-07-28T06:35:15.017Z] POST /api/banners - Content-Length: 136276 - IP: ::1
[2026-07-28T06:35:17.542Z] GET /api/banners - Content-Length: 0 - IP: ::1
[2026-07-28T06:35:24.810Z] GET /api/notifications - Content-Length: 0 - IP: ::1
[2026-07-28T06:35:39.455Z] GET /api/notifications - Content-Length: 0 - IP: ::1
[2026-07-28T06:35:42.205Z] GET /api/banners - Content-Length: 0 - IP: ::1
[2026-07-28T06:35:42.208Z] GET /api/products - Content-Length: 0 - IP: ::1
[2026-07-28T06:35:42.210Z] GET /api/banners/categories - Content-Length: 0 - IP: ::1
[2026-07-28T06:36:05.404Z] GET /api/notifications - Content-Length: 0 - IP: ::1
[2026-07-28T06:36:08.832Z] GET /api/notifications - Content-Length: 0 - IP: ::1
[2026-07-28T06:36:14.199Z] GET /api/payment/dashboard-stats - Content-Length: 0 - IP: ::1
[2026-07-28T06:36:15.842Z] GET /api/products - Content-Length: 0 - IP: ::1
[2026-07-28T06:36:16.068Z] GET /api/payment/orders - Content-Length: 0 - IP: ::1
[2026-07-28T06:36:16.761Z] GET /api/banners/categories - Content-Length: 0 - IP: ::1
[2026-07-28T06:36:16.763Z] GET /api/banners - Content-Length: 0 - IP: ::1
[2026-07-28T06:36:22.163Z] GET /api/banners/categories - Content-Length: 0 - IP: ::1
[2026-07-28T06:36:22.167Z] GET /api/banners - Content-Length: 0 - IP: ::1
[2026-07-28T06:36:22.171Z] GET /api/products - Content-Length: 0 - IP: ::1
[2026-07-28T06:36:23.833Z] GET /api/notifications - Content-Length: 0 - IP: ::1
[2026-07-28T06:36:38.835Z] GET /api/notifications - Content-Length: 0 - IP: ::1
[2026-07-28T06:36:54.818Z] GET /api/notifications - Content-Length: 0 - IP: ::1
[2026-07-28T06:37:09.814Z] GET /api/notifications - Content-Length: 0 - IP: ::1
[2026-07-28T06:37:24.817Z] GET /api/notifications - Content-Length: 0 - IP: ::1
[2026-07-28T06:37:39.816Z] GET /api/notifications - Content-Length: 0 - IP: ::1
[2026-07-28T06:38:21.816Z] GET /api/notifications - Content-Length: 0 - IP: ::1
[2026-07-28T06:39:14.477Z] GET /api/notifications - Content-Length: 0 - IP: ::1
[2026-07-28T06:39:24.811Z] GET /api/notifications - Content-Length: 0 - IP: ::1
[2026-07-28T06:39:39.814Z] GET /api/notifications - Content-Length: 0 - IP: ::1
[2026-07-28T06:39:54.816Z] GET /api/notifications - Content-Length: 0 - IP: ::1
[2026-07-28T06:40:09.823Z] GET /api/notifications - Content-Length: 0 - IP: ::1
[2026-07-28T06:41:21.819Z] GET /api/notifications - Content-Length: 0 - IP: ::1
[2026-07-28T06:42:21.808Z] GET /api/notifications - Content-Length: 0 - IP: ::1
[2026-07-28T06:43:21.811Z] GET /api/notifications - Content-Length: 0 - IP: ::1
[2026-07-28T06:43:26.043Z] GET /api/notifications - Content-Length: 0 - IP: ::1
[2026-07-28T06:43:39.809Z] GET /api/notifications - Content-Length: 0 - IP: ::1
[2026-07-28T06:43:54.814Z] GET /api/notifications - Content-Length: 0 - IP: ::1
[2026-07-28T06:44:09.824Z] GET /api/notifications - Content-Length: 0 - IP: ::1
[2026-07-28T06:44:24.825Z] GET /api/notifications - Content-Length: 0 - IP: ::1
[2026-07-28T06:44:38.845Z] GET /api/notifications - Content-Length: 0 - IP: ::1
[2026-07-28T06:44:54.809Z] GET /api/notifications - Content-Length: 0 - IP: ::1
[2026-07-28T06:45:09.809Z] GET /api/notifications - Content-Length: 0 - IP: ::1
[2026-07-28T06:45:24.814Z] GET /api/notifications - Content-Length: 0 - IP: ::1
[2026-07-28T06:45:39.814Z] GET /api/notifications - Content-Length: 0 - IP: ::1
[2026-07-28T06:46:21.811Z] GET /api/notifications - Content-Length: 0 - IP: ::1
[2026-07-28T06:47:21.819Z] GET /api/notifications - Content-Length: 0 - IP: ::1
[2026-07-28T06:48:21.809Z] GET /api/notifications - Content-Length: 0 - IP: ::1
[2026-07-28T06:49:21.822Z] GET /api/notifications - Content-Length: 0 - IP: ::1
[2026-07-28T06:50:21.824Z] GET /api/notifications - Content-Length: 0 - IP: ::1
[2026-07-28T06:51:21.815Z] GET /api/notifications - Content-Length: 0 - IP: ::1
[2026-07-28T06:52:21.810Z] GET /api/notifications - Content-Length: 0 - IP: ::1
[2026-07-28T06:53:21.810Z] GET /api/notifications - Content-Length: 0 - IP: ::1
[2026-07-28T06:54:21.812Z] GET /api/notifications - Content-Length: 0 - IP: ::1
[2026-07-28T06:55:21.814Z] GET /api/notifications - Content-Length: 0 - IP: ::1
[2026-07-28T06:56:21.823Z] GET /api/notifications - Content-Length: 0 - IP: ::1
[2026-07-28T06:57:21.817Z] GET /api/notifications - Content-Length: 0 - IP: ::1
[2026-07-28T06:58:21.821Z] GET /api/notifications - Content-Length: 0 - IP: ::1
[2026-07-28T06:59:21.828Z] GET /api/notifications - Content-Length: 0 - IP: ::1
[2026-07-28T07:00:21.815Z] GET /api/notifications - Content-Length: 0 - IP: ::1
[2026-07-28T07:01:21.817Z] GET /api/notifications - Content-Length: 0 - IP: ::1
[2026-07-28T07:02:21.811Z] GET /api/notifications - Content-Length: 0 - IP: ::1
[2026-07-28T07:03:21.807Z] GET /api/notifications - Content-Length: 0 - IP: ::1
[2026-07-28T07:04:21.813Z] GET /api/notifications - Content-Length: 0 - IP: ::1
[2026-07-28T07:05:21.818Z] GET /api/notifications - Content-Length: 0 - IP: ::1
[2026-07-28T07:06:07.270Z] GET /api/notifications - Content-Length: 0 - IP: ::1
[2026-07-28T07:06:10.133Z] GET /api/notifications - Content-Length: 0 - IP: ::1
[2026-07-28T07:06:24.818Z] GET /api/notifications - Content-Length: 0 - IP: ::1
[2026-07-28T07:06:39.816Z] GET /api/notifications - Content-Length: 0 - IP: ::1
[2026-07-28T07:06:54.808Z] GET /api/notifications - Content-Length: 0 - IP: ::1
[2026-07-28T07:07:21.821Z] GET /api/notifications - Content-Length: 0 - IP: ::1
[2026-07-28T07:08:21.811Z] GET /api/notifications - Content-Length: 0 - IP: ::1
[2026-07-28T09:01:00.800Z] GET /api/products - Content-Length: 0 - IP: ::1
[2026-07-28T09:01:00.824Z] GET /api/banners/categories - Content-Length: 0 - IP: ::1
[2026-07-28T09:01:00.830Z] GET /api/banners - Content-Length: 0 - IP: ::1
[2026-07-28T09:01:00.891Z] GET /api/auth/me - Content-Length: 0 - IP: ::1
[2026-07-28T09:01:03.432Z] GET /api/products - Content-Length: 0 - IP: ::1
[2026-07-28T09:01:03.686Z] GET /api/banners/categories - Content-Length: 0 - IP: ::1
[2026-07-28T09:01:03.714Z] GET /api/notifications - Content-Length: 0 - IP: ::1
[2026-07-28T09:01:06.834Z] GET /api/banners/categories - Content-Length: 0 - IP: ::1
[2026-07-28T09:01:06.838Z] GET /api/banners - Content-Length: 0 - IP: ::1
[2026-07-28T09:01:06.843Z] GET /api/products - Content-Length: 0 - IP: ::1
[2026-07-28T09:01:18.814Z] GET /api/notifications - Content-Length: 0 - IP: ::1
[2026-07-28T09:01:33.822Z] GET /api/notifications - Content-Length: 0 - IP: ::1
[2026-07-28T09:01:48.816Z] GET /api/notifications - Content-Length: 0 - IP: ::1
[2026-07-28T09:02:03.814Z] GET /api/notifications - Content-Length: 0 - IP: ::1
[2026-07-28T09:02:18.716Z] GET /api/notifications - Content-Length: 0 - IP: ::1
[2026-07-28T09:02:33.823Z] GET /api/notifications - Content-Length: 0 - IP: ::1
[2026-07-28T09:02:48.822Z] GET /api/notifications - Content-Length: 0 - IP: ::1
[2026-07-28T09:03:03.820Z] GET /api/notifications - Content-Length: 0 - IP: ::1
[2026-07-28T09:03:18.810Z] GET /api/notifications - Content-Length: 0 - IP: ::1
[2026-07-28T09:03:33.819Z] GET /api/notifications - Content-Length: 0 - IP: ::1
[2026-07-28T09:03:48.809Z] GET /api/notifications - Content-Length: 0 - IP: ::1
[2026-07-28T09:04:03.825Z] GET /api/notifications - Content-Length: 0 - IP: ::1
[2026-07-28T09:04:11.696Z] GET /api/payment/dashboard-stats - Content-Length: 0 - IP: ::1
[2026-07-28T09:04:13.624Z] GET /api/payment/orders - Content-Length: 0 - IP: ::1
[2026-07-28T09:04:13.819Z] GET /api/banners - Content-Length: 0 - IP: ::1
[2026-07-28T09:04:13.821Z] GET /api/banners/categories - Content-Length: 0 - IP: ::1
[2026-07-28T09:04:18.715Z] GET /api/notifications - Content-Length: 0 - IP: ::1
[2026-07-28T09:04:33.821Z] GET /api/notifications - Content-Length: 0 - IP: ::1
[2026-07-28T09:04:48.822Z] GET /api/notifications - Content-Length: 0 - IP: ::1
[2026-07-28T09:05:03.839Z] GET /api/notifications - Content-Length: 0 - IP: ::1
[2026-07-28T09:05:18.814Z] GET /api/notifications - Content-Length: 0 - IP: ::1
[2026-07-28T09:05:47.083Z] GET /api/notifications - Content-Length: 0 - IP: ::1
[2026-07-28T09:05:50.042Z] GET /api/notifications - Content-Length: 0 - IP: ::1
[2026-07-28T09:05:51.546Z] GET /api/banners/categories - Content-Length: 0 - IP: ::1
[2026-07-28T09:05:51.550Z] GET /api/banners - Content-Length: 0 - IP: ::1
[2026-07-28T09:05:51.552Z] GET /api/products - Content-Length: 0 - IP: ::1
[2026-07-28T09:06:03.716Z] GET /api/notifications - Content-Length: 0 - IP: ::1
[2026-07-28T09:06:18.818Z] GET /api/notifications - Content-Length: 0 - IP: ::1
[2026-07-28T09:06:33.818Z] GET /api/notifications - Content-Length: 0 - IP: ::1
[2026-07-28T09:06:48.816Z] GET /api/notifications - Content-Length: 0 - IP: ::1
[2026-07-28T09:07:03.812Z] GET /api/notifications - Content-Length: 0 - IP: ::1
[2026-07-28T09:07:18.722Z] GET /api/notifications - Content-Length: 0 - IP: ::1
[2026-07-28T09:07:33.820Z] GET /api/notifications - Content-Length: 0 - IP: ::1
[2026-07-28T09:07:48.812Z] GET /api/notifications - Content-Length: 0 - IP: ::1
[2026-07-28T09:08:03.810Z] GET /api/notifications - Content-Length: 0 - IP: ::1
[2026-07-28T09:08:18.810Z] GET /api/notifications - Content-Length: 0 - IP: ::1
[2026-07-28T09:09:21.813Z] GET /api/notifications - Content-Length: 0 - IP: ::1
[2026-07-28T09:10:21.812Z] GET /api/notifications - Content-Length: 0 - IP: ::1
[2026-07-28T09:11:21.812Z] GET /api/notifications - Content-Length: 0 - IP: ::1
[2026-07-28T09:12:21.817Z] GET /api/notifications - Content-Length: 0 - IP: ::1
[2026-07-28T09:13:21.810Z] GET /api/notifications - Content-Length: 0 - IP: ::1
[2026-07-28T09:14:21.815Z] GET /api/notifications - Content-Length: 0 - IP: ::1
[2026-07-28T09:15:21.811Z] GET /api/notifications - Content-Length: 0 - IP: ::1
[2026-07-30T04:49:12.600Z] OPTIONS /api/auth/login - Content-Length: 0 - IP: ::1
[2026-07-30T04:49:12.617Z] POST /api/auth/login - Content-Length: 54 - IP: ::1
[2026-07-30T04:49:38.648Z] GET /api/banners/categories - Content-Length: 0 - IP: ::1
[2026-07-30T04:49:40.364Z] GET /api/banners/categories - Content-Length: 0 - IP: ::1
[2026-07-30T04:49:40.370Z] GET /api/products - Content-Length: 0 - IP: ::1
[2026-07-30T04:49:40.386Z] GET /api/banners - Content-Length: 0 - IP: ::1
[2026-07-30T04:49:40.398Z] GET /api/auth/me - Content-Length: 0 - IP: ::1
[2026-07-30T04:49:41.873Z] GET /api/banners/categories - Content-Length: 0 - IP: ::1
[2026-07-30T04:49:42.157Z] GET /api/products - Content-Length: 0 - IP: ::1
[2026-07-30T04:49:42.731Z] GET /api/notifications - Content-Length: 0 - IP: ::1
[2026-07-30T04:49:57.806Z] GET /api/notifications - Content-Length: 0 - IP: ::1
[2026-07-30T04:50:12.737Z] GET /api/notifications - Content-Length: 0 - IP: ::1
[2026-07-30T04:50:27.817Z] GET /api/notifications - Content-Length: 0 - IP: ::1
[2026-07-30T04:50:42.816Z] GET /api/notifications - Content-Length: 0 - IP: ::1
[2026-07-30T04:50:57.812Z] GET /api/notifications - Content-Length: 0 - IP: ::1
[2026-07-30T04:51:12.811Z] GET /api/notifications - Content-Length: 0 - IP: ::1
[2026-07-30T04:51:27.809Z] GET /api/notifications - Content-Length: 0 - IP: ::1
[2026-07-30T04:52:20.069Z] GET /api/notifications - Content-Length: 0 - IP: ::1
[2026-07-30T04:52:27.809Z] GET /api/notifications - Content-Length: 0 - IP: ::1
[2026-07-30T04:52:42.813Z] GET /api/notifications - Content-Length: 0 - IP: ::1
[2026-07-30T04:52:57.810Z] GET /api/notifications - Content-Length: 0 - IP: ::1
[2026-07-30T04:53:12.820Z] GET /api/notifications - Content-Length: 0 - IP: ::1
[2026-07-30T04:53:27.817Z] GET /api/notifications - Content-Length: 0 - IP: ::1
[2026-07-30T04:53:42.824Z] GET /api/notifications - Content-Length: 0 - IP: ::1
[2026-07-30T04:53:57.810Z] GET /api/notifications - Content-Length: 0 - IP: ::1
[2026-07-30T04:54:38.813Z] GET /api/notifications - Content-Length: 0 - IP: ::1
[2026-07-30T04:55:23.235Z] GET /api/notifications - Content-Length: 0 - IP: ::1
[2026-07-30T04:55:27.820Z] GET /api/notifications - Content-Length: 0 - IP: ::1
[2026-07-30T04:55:42.825Z] GET /api/notifications - Content-Length: 0 - IP: ::1
[2026-07-30T04:55:57.817Z] GET /api/notifications - Content-Length: 0 - IP: ::1
[2026-07-30T04:56:12.809Z] GET /api/notifications - Content-Length: 0 - IP: ::1
[2026-07-30T04:56:38.812Z] GET /api/notifications - Content-Length: 0 - IP: ::1
[2026-07-30T04:56:43.533Z] GET /api/notifications - Content-Length: 0 - IP: ::1
[2026-07-30T04:57:27.816Z] GET /api/notifications - Content-Length: 0 - IP: ::1
[2026-07-30T04:57:42.809Z] GET /api/notifications - Content-Length: 0 - IP: ::1
[2026-07-30T04:57:57.810Z] GET /api/notifications - Content-Length: 0 - IP: ::1
[2026-07-30T04:58:06.237Z] GET /api/banners/categories - Content-Length: 0 - IP: ::1
[2026-07-30T04:58:06.243Z] GET /api/banners - Content-Length: 0 - IP: ::1
[2026-07-30T04:58:06.249Z] GET /api/products - Content-Length: 0 - IP: ::1
[2026-07-30T04:58:12.826Z] GET /api/notifications - Content-Length: 0 - IP: ::1
[2026-07-30T04:58:16.844Z] GET /api/payment/dashboard-stats - Content-Length: 0 - IP: ::1
[2026-07-30T04:58:18.731Z] GET /api/products - Content-Length: 0 - IP: ::1
[2026-07-30T04:58:18.859Z] GET /api/payment/orders - Content-Length: 0 - IP: ::1
[2026-07-30T04:58:27.745Z] GET /api/notifications - Content-Length: 0 - IP: ::1
[2026-07-30T04:58:42.739Z] GET /api/notifications - Content-Length: 0 - IP: ::1
[2026-07-30T04:58:57.739Z] GET /api/notifications - Content-Length: 0 - IP: ::1
[2026-07-30T04:59:12.738Z] GET /api/notifications - Content-Length: 0 - IP: ::1
[2026-07-30T04:59:27.741Z] GET /api/notifications - Content-Length: 0 - IP: ::1
[2026-07-30T04:59:42.740Z] GET /api/notifications - Content-Length: 0 - IP: ::1
[2026-07-30T04:59:57.741Z] GET /api/notifications - Content-Length: 0 - IP: ::1
[2026-07-30T05:00:12.738Z] GET /api/notifications - Content-Length: 0 - IP: ::1
[2026-07-30T05:00:16.342Z] POST /api/products - Content-Length: 331505 - IP: ::1
[2026-07-30T05:00:22.928Z] GET /api/products - Content-Length: 0 - IP: ::1
[2026-07-30T05:00:27.739Z] GET /api/notifications - Content-Length: 0 - IP: ::1
[2026-07-30T05:00:29.172Z] GET /api/banners/categories - Content-Length: 0 - IP: ::1
[2026-07-30T05:00:29.176Z] GET /api/banners - Content-Length: 0 - IP: ::1
[2026-07-30T05:00:29.180Z] GET /api/products - Content-Length: 0 - IP: ::1
[2026-07-30T05:00:37.308Z] GET /api/products - Content-Length: 0 - IP: ::1
[2026-07-30T05:00:40.698Z] GET /api/products/Women-01 - Content-Length: 0 - IP: ::1
[2026-07-30T05:00:42.737Z] GET /api/notifications - Content-Length: 0 - IP: ::1
[2026-07-30T05:00:57.742Z] GET /api/notifications - Content-Length: 0 - IP: ::1
[2026-07-30T05:01:12.819Z] GET /api/notifications - Content-Length: 0 - IP: ::1
[2026-07-30T05:01:27.811Z] GET /api/notifications - Content-Length: 0 - IP: ::1
[2026-07-30T05:01:42.813Z] GET /api/notifications - Content-Length: 0 - IP: ::1
[2026-07-30T05:01:57.810Z] GET /api/notifications - Content-Length: 0 - IP: ::1
[2026-07-30T05:02:38.824Z] GET /api/notifications - Content-Length: 0 - IP: ::1
[2026-07-30T05:02:55.578Z] GET /api/notifications - Content-Length: 0 - IP: ::1
[2026-07-30T05:02:58.718Z] GET /api/notifications - Content-Length: 0 - IP: ::1
[2026-07-30T05:03:07.127Z] GET /api/payment/dashboard-stats - Content-Length: 0 - IP: ::1
[2026-07-30T05:03:09.050Z] GET /api/payment/orders - Content-Length: 0 - IP: ::1
[2026-07-30T05:03:09.663Z] GET /api/products - Content-Length: 0 - IP: ::1
[2026-07-30T05:03:12.738Z] GET /api/notifications - Content-Length: 0 - IP: ::1
[2026-07-30T05:03:27.740Z] GET /api/notifications - Content-Length: 0 - IP: ::1
[2026-07-30T05:03:42.739Z] GET /api/notifications - Content-Length: 0 - IP: ::1
[2026-07-30T05:03:57.737Z] GET /api/notifications - Content-Length: 0 - IP: ::1
[2026-07-30T05:04:12.740Z] GET /api/notifications - Content-Length: 0 - IP: ::1
[2026-07-30T05:04:27.735Z] GET /api/notifications - Content-Length: 0 - IP: ::1
[2026-07-30T05:04:34.438Z] POST /api/products - Content-Length: 652379 - IP: ::1
[2026-07-30T05:04:41.058Z] GET /api/products - Content-Length: 0 - IP: ::1
[2026-07-30T05:04:42.738Z] GET /api/notifications - Content-Length: 0 - IP: ::1
[2026-07-30T05:04:56.979Z] OPTIONS /api/products/6 - Content-Length: 0 - IP: ::1
[2026-07-30T05:04:56.983Z] PUT /api/products/6 - Content-Length: 2301 - IP: ::1
[2026-07-30T05:04:57.739Z] GET /api/notifications - Content-Length: 0 - IP: ::1
[2026-07-30T05:05:00.535Z] GET /api/products - Content-Length: 0 - IP: ::1
[2026-07-30T05:05:04.174Z] GET /api/banners/categories - Content-Length: 0 - IP: ::1
[2026-07-30T05:05:04.178Z] GET /api/banners - Content-Length: 0 - IP: ::1
[2026-07-30T05:05:04.185Z] GET /api/products - Content-Length: 0 - IP: ::1
[2026-07-30T05:05:05.919Z] GET /api/products - Content-Length: 0 - IP: ::1
[2026-07-30T05:05:09.281Z] GET /api/products - Content-Length: 0 - IP: ::1
[2026-07-30T05:05:12.739Z] GET /api/notifications - Content-Length: 0 - IP: ::1
[2026-07-30T05:05:16.105Z] GET /api/banners/categories - Content-Length: 0 - IP: ::1
[2026-07-30T05:05:16.107Z] GET /api/products - Content-Length: 0 - IP: ::1
[2026-07-30T05:05:27.738Z] GET /api/notifications - Content-Length: 0 - IP: ::1
[2026-07-30T05:05:33.629Z] GET /api/products - Content-Length: 0 - IP: ::1
[2026-07-30T05:05:42.738Z] GET /api/notifications - Content-Length: 0 - IP: ::1
[2026-07-30T05:05:44.312Z] GET /api/payment/dashboard-stats - Content-Length: 0 - IP: ::1
[2026-07-30T05:05:46.205Z] GET /api/payment/orders - Content-Length: 0 - IP: ::1
[2026-07-30T05:05:48.732Z] GET /api/products - Content-Length: 0 - IP: ::1
[2026-07-30T05:05:57.739Z] GET /api/notifications - Content-Length: 0 - IP: ::1
[2026-07-30T05:06:12.738Z] GET /api/notifications - Content-Length: 0 - IP: ::1
[2026-07-30T05:06:27.739Z] GET /api/notifications - Content-Length: 0 - IP: ::1
[2026-07-30T05:06:42.739Z] GET /api/notifications - Content-Length: 0 - IP: ::1
[2026-07-30T05:06:57.739Z] GET /api/notifications - Content-Length: 0 - IP: ::1
[2026-07-30T05:07:12.739Z] GET /api/notifications - Content-Length: 0 - IP: ::1
[2026-07-30T05:07:27.812Z] GET /api/notifications - Content-Length: 0 - IP: ::1
[2026-07-30T05:07:42.824Z] GET /api/notifications - Content-Length: 0 - IP: ::1
[2026-07-30T05:07:57.813Z] GET /api/notifications - Content-Length: 0 - IP: ::1
[2026-07-30T05:08:12.810Z] GET /api/notifications - Content-Length: 0 - IP: ::1
[2026-07-30T05:08:38.818Z] GET /api/notifications - Content-Length: 0 - IP: ::1
[2026-07-30T05:09:34.732Z] GET /api/notifications - Content-Length: 0 - IP: ::1
[2026-07-30T05:09:42.724Z] GET /api/notifications - Content-Length: 0 - IP: ::1
[2026-07-30T05:09:57.811Z] GET /api/notifications - Content-Length: 0 - IP: ::1
[2026-07-30T05:10:04.947Z] GET /api/banners/categories - Content-Length: 0 - IP: ::1
[2026-07-30T05:10:04.952Z] GET /api/banners - Content-Length: 0 - IP: ::1
[2026-07-30T05:10:04.956Z] GET /api/products - Content-Length: 0 - IP: ::1
[2026-07-30T05:10:07.970Z] GET /api/payment/dashboard-stats - Content-Length: 0 - IP: ::1
[2026-07-30T05:10:10.092Z] GET /api/payment/orders - Content-Length: 0 - IP: ::1
[2026-07-30T05:10:12.726Z] GET /api/notifications - Content-Length: 0 - IP: ::1
[2026-07-30T05:10:13.577Z] GET /api/products - Content-Length: 0 - IP: ::1
[2026-07-30T05:10:27.824Z] GET /api/notifications - Content-Length: 0 - IP: ::1
[2026-07-30T05:10:42.818Z] GET /api/notifications - Content-Length: 0 - IP: ::1
[2026-07-30T05:10:57.821Z] GET /api/notifications - Content-Length: 0 - IP: ::1
[2026-07-30T05:11:12.738Z] GET /api/notifications - Content-Length: 0 - IP: ::1
[2026-07-30T05:11:27.810Z] GET /api/notifications - Content-Length: 0 - IP: ::1
[2026-07-30T05:11:42.816Z] GET /api/notifications - Content-Length: 0 - IP: ::1
[2026-07-30T05:11:57.809Z] GET /api/notifications - Content-Length: 0 - IP: ::1
[2026-07-30T05:12:12.825Z] GET /api/notifications - Content-Length: 0 - IP: ::1
[2026-07-30T05:12:38.818Z] GET /api/notifications - Content-Length: 0 - IP: ::1
[2026-07-30T05:12:42.810Z] GET /api/notifications - Content-Length: 0 - IP: ::1
[2026-07-30T05:12:57.736Z] GET /api/notifications - Content-Length: 0 - IP: ::1
[2026-07-30T05:13:12.819Z] GET /api/notifications - Content-Length: 0 - IP: ::1
[2026-07-30T05:13:27.812Z] GET /api/notifications - Content-Length: 0 - IP: ::1
[2026-07-30T05:13:42.809Z] GET /api/notifications - Content-Length: 0 - IP: ::1
[2026-07-30T05:13:57.809Z] GET /api/notifications - Content-Length: 0 - IP: ::1
[2026-07-30T05:14:38.814Z] GET /api/notifications - Content-Length: 0 - IP: ::1
[2026-07-30T05:14:48.966Z] GET /api/notifications - Content-Length: 0 - IP: ::1
[2026-07-30T05:14:57.732Z] GET /api/notifications - Content-Length: 0 - IP: ::1
[2026-07-30T05:15:12.820Z] GET /api/notifications - Content-Length: 0 - IP: ::1
[2026-07-30T05:15:27.818Z] GET /api/notifications - Content-Length: 0 - IP: ::1
[2026-07-30T05:15:42.819Z] GET /api/notifications - Content-Length: 0 - IP: ::1
[2026-07-30T05:15:57.827Z] GET /api/notifications - Content-Length: 0 - IP: ::1
[2026-07-30T05:16:12.815Z] GET /api/notifications - Content-Length: 0 - IP: ::1
[2026-07-30T05:16:27.735Z] GET /api/notifications - Content-Length: 0 - IP: ::1
[2026-07-30T05:16:42.810Z] GET /api/notifications - Content-Length: 0 - IP: ::1
[2026-07-30T05:16:57.814Z] GET /api/notifications - Content-Length: 0 - IP: ::1
[2026-07-30T05:17:12.816Z] GET /api/notifications - Content-Length: 0 - IP: ::1
[2026-07-30T05:17:16.355Z] GET /api/products - Content-Length: 0 - IP: ::1
[2026-07-30T05:17:18.152Z] GET /api/products/Women-01 - Content-Length: 0 - IP: ::1
[2026-07-30T05:17:27.823Z] GET /api/notifications - Content-Length: 0 - IP: ::1
[2026-07-30T05:17:42.809Z] GET /api/notifications - Content-Length: 0 - IP: ::1
[2026-07-30T05:17:57.818Z] GET /api/notifications - Content-Length: 0 - IP: ::1
[2026-07-30T05:19:38.825Z] GET /api/notifications - Content-Length: 0 - IP: ::1
[2026-07-30T05:20:00.241Z] GET /api/notifications - Content-Length: 0 - IP: ::1
[2026-07-30T05:20:03.525Z] GET /api/products - Content-Length: 0 - IP: ::1
[2026-07-30T05:20:03.531Z] GET /api/auth/me - Content-Length: 0 - IP: ::1
[2026-07-30T05:20:03.536Z] GET /api/banners/categories - Content-Length: 0 - IP: ::1
[2026-07-30T05:20:06.993Z] GET /api/notifications - Content-Length: 0 - IP: ::1
[2026-07-30T05:20:07.002Z] GET /api/payment/dashboard-stats - Content-Length: 0 - IP: ::1
[2026-07-30T05:20:09.809Z] GET /api/payment/orders - Content-Length: 0 - IP: ::1
[2026-07-30T05:20:10.659Z] GET /api/products - Content-Length: 0 - IP: ::1
[2026-07-30T05:20:21.993Z] GET /api/notifications - Content-Length: 0 - IP: ::1
[2026-07-30T05:20:22.420Z] GET /api/banners/categories - Content-Length: 0 - IP: ::1
[2026-07-30T05:20:22.425Z] GET /api/banners - Content-Length: 0 - IP: ::1
[2026-07-30T05:20:22.427Z] GET /api/products - Content-Length: 0 - IP: ::1
[2026-07-30T05:20:30.319Z] GET /api/products/men-02 - Content-Length: 0 - IP: ::1
[2026-07-30T05:20:36.996Z] GET /api/notifications - Content-Length: 0 - IP: ::1
[2026-07-30T05:20:37.236Z] GET /api/payment/dashboard-stats - Content-Length: 0 - IP: ::1
[2026-07-30T05:20:38.990Z] GET /api/products - Content-Length: 0 - IP: ::1
[2026-07-30T05:20:39.900Z] GET /api/payment/orders - Content-Length: 0 - IP: ::1
[2026-07-30T05:20:40.897Z] OPTIONS /api/products/next-code?category=Women&collection= - Content-Length: 0 - IP: ::1
[2026-07-30T05:20:40.901Z] GET /api/products/next-code?category=Women&collection= - Content-Length: 0 - IP: ::1
[2026-07-30T05:20:51.995Z] GET /api/notifications - Content-Length: 0 - IP: ::1
[2026-07-30T05:21:07.812Z] GET /api/notifications - Content-Length: 0 - IP: ::1
[2026-07-30T05:21:22.817Z] GET /api/notifications - Content-Length: 0 - IP: ::1
[2026-07-30T05:21:37.815Z] GET /api/notifications - Content-Length: 0 - IP: ::1
[2026-07-30T05:21:52.818Z] GET /api/notifications - Content-Length: 0 - IP: ::1
[2026-07-30T05:22:38.812Z] GET /api/notifications - Content-Length: 0 - IP: ::1
[2026-07-30T05:22:51.992Z] GET /api/notifications - Content-Length: 0 - IP: ::1
[2026-07-30T05:22:58.616Z] OPTIONS /api/products/next-code?category=Men&collection= - Content-Length: 0 - IP: ::1
[2026-07-30T05:22:58.619Z] GET /api/products/next-code?category=Men&collection= - Content-Length: 0 - IP: ::1
[2026-07-30T05:23:00.485Z] OPTIONS /api/products/next-code?category=Collection&collection= - Content-Length: 0 - IP: ::1
[2026-07-30T05:23:00.488Z] GET /api/products/next-code?category=Collection&collection= - Content-Length: 0 - IP: ::1
[2026-07-30T05:23:03.136Z] OPTIONS /api/products/next-code?category=Collection&collection=Summer - Content-Length: 0 - IP: ::1
[2026-07-30T05:23:03.140Z] GET /api/products/next-code?category=Collection&collection=Summer - Content-Length: 0 - IP: ::1
[2026-07-30T05:23:06.993Z] GET /api/notifications - Content-Length: 0 - IP: ::1
[2026-07-30T05:23:21.994Z] GET /api/notifications - Content-Length: 0 - IP: ::1
[2026-07-30T05:23:36.995Z] GET /api/notifications - Content-Length: 0 - IP: ::1
[2026-07-30T05:23:51.991Z] GET /api/notifications - Content-Length: 0 - IP: ::1
[2026-07-30T05:24:06.989Z] GET /api/notifications - Content-Length: 0 - IP: ::1
[2026-07-30T05:24:21.992Z] GET /api/notifications - Content-Length: 0 - IP: ::1
[2026-07-30T05:24:36.989Z] GET /api/notifications - Content-Length: 0 - IP: ::1
[2026-07-30T05:24:52.815Z] GET /api/notifications - Content-Length: 0 - IP: ::1
[2026-07-30T05:25:07.817Z] GET /api/notifications - Content-Length: 0 - IP: ::1
[2026-07-30T05:25:22.809Z] GET /api/notifications - Content-Length: 0 - IP: ::1
[2026-07-30T05:25:36.994Z] GET /api/notifications - Content-Length: 0 - IP: ::1
[2026-07-30T05:25:52.811Z] GET /api/notifications - Content-Length: 0 - IP: ::1
[2026-07-30T05:26:07.817Z] GET /api/notifications - Content-Length: 0 - IP: ::1
[2026-07-30T05:26:22.816Z] GET /api/notifications - Content-Length: 0 - IP: ::1
[2026-07-30T05:26:37.815Z] GET /api/notifications - Content-Length: 0 - IP: ::1
[2026-07-30T05:26:52.824Z] GET /api/notifications - Content-Length: 0 - IP: ::1
[2026-07-30T05:27:06.316Z] GET /api/products/next-code?category=Collection&collection=Summer - Content-Length: 0 - IP: ::1
[2026-07-30T05:27:07.804Z] GET /api/notifications - Content-Length: 0 - IP: ::1
[2026-07-30T05:27:21.979Z] GET /api/notifications - Content-Length: 0 - IP: ::1
[2026-07-30T05:27:29.132Z] OPTIONS /api/products/next-code?category=Collection&collection=Summer - Content-Length: 0 - IP: ::1
[2026-07-30T05:27:29.145Z] GET /api/products - Content-Length: 0 - IP: ::1
[2026-07-30T05:27:29.154Z] GET /api/products/next-code?category=Collection&collection=Summer - Content-Length: 0 - IP: ::1
[2026-07-30T05:27:37.804Z] GET /api/notifications - Content-Length: 0 - IP: ::1
[2026-07-30T05:27:52.798Z] GET /api/notifications - Content-Length: 0 - IP: ::1
[2026-07-30T05:28:06.991Z] GET /api/notifications - Content-Length: 0 - IP: ::1
[2026-07-30T05:28:22.814Z] GET /api/notifications - Content-Length: 0 - IP: ::1
[2026-07-30T05:28:37.826Z] GET /api/notifications - Content-Length: 0 - IP: ::1
[2026-07-30T05:28:52.814Z] GET /api/notifications - Content-Length: 0 - IP: ::1
[2026-07-30T05:29:04.824Z] GET /api/products - Content-Length: 0 - IP: ::1
[2026-07-30T05:29:04.829Z] GET /api/banners/categories - Content-Length: 0 - IP: ::1
[2026-07-30T05:29:04.832Z] GET /api/auth/me - Content-Length: 0 - IP: ::1
[2026-07-30T05:29:05.628Z] GET /api/notifications - Content-Length: 0 - IP: ::1
[2026-07-30T05:29:05.631Z] GET /api/payment/dashboard-stats - Content-Length: 0 - IP: ::1
[2026-07-30T05:29:08.015Z] GET /api/payment/orders - Content-Length: 0 - IP: ::1
[2026-07-30T05:29:10.443Z] GET /api/products - Content-Length: 0 - IP: ::1
[2026-07-30T05:29:12.959Z] OPTIONS /api/products/next-code?category=Women&collection= - Content-Length: 0 - IP: ::1
[2026-07-30T05:29:12.962Z] GET /api/products/next-code?category=Women&collection= - Content-Length: 0 - IP: ::1
[2026-07-30T05:29:20.634Z] GET /api/notifications - Content-Length: 0 - IP: ::1
[2026-07-30T05:29:21.893Z] OPTIONS /api/products/next-code?category=Collection&collection=Summer - Content-Length: 0 - IP: ::1
[2026-07-30T05:29:21.896Z] GET /api/products/next-code?category=Collection&collection=Summer - Content-Length: 0 - IP: ::1
[2026-07-30T05:29:35.633Z] GET /api/notifications - Content-Length: 0 - IP: ::1
[2026-07-30T05:29:50.629Z] GET /api/notifications - Content-Length: 0 - IP: ::1
[2026-07-30T05:30:05.631Z] GET /api/notifications - Content-Length: 0 - IP: ::1
[2026-07-30T05:30:20.630Z] GET /api/notifications - Content-Length: 0 - IP: ::1
[2026-07-30T05:30:35.631Z] GET /api/notifications - Content-Length: 0 - IP: ::1
[2026-07-30T05:30:37.115Z] POST /api/products - Content-Length: 511420 - IP: ::1
[2026-07-30T05:30:50.630Z] GET /api/notifications - Content-Length: 0 - IP: ::1
[2026-07-30T05:30:52.468Z] POST /api/products - Content-Length: 511420 - IP: ::1
[2026-07-30T05:31:00.925Z] GET /api/products - Content-Length: 0 - IP: ::1
[2026-07-30T05:31:05.630Z] GET /api/notifications - Content-Length: 0 - IP: ::1
[2026-07-30T05:31:07.277Z] GET /api/banners/categories - Content-Length: 0 - IP: ::1
[2026-07-30T05:31:07.279Z] GET /api/banners - Content-Length: 0 - IP: ::1
[2026-07-30T05:31:07.281Z] GET /api/products - Content-Length: 0 - IP: ::1
[2026-07-30T05:31:12.646Z] GET /api/payment/dashboard-stats - Content-Length: 0 - IP: ::1
[2026-07-30T05:31:14.702Z] GET /api/payment/orders - Content-Length: 0 - IP: ::1
[2026-07-30T05:31:16.169Z] GET /api/products - Content-Length: 0 - IP: ::1
[2026-07-30T05:31:18.544Z] OPTIONS /api/products/next-code?category=Women&collection= - Content-Length: 0 - IP: ::1
[2026-07-30T05:31:18.547Z] GET /api/products/next-code?category=Women&collection= - Content-Length: 0 - IP: ::1
[2026-07-30T05:31:20.630Z] GET /api/notifications - Content-Length: 0 - IP: ::1
[2026-07-30T05:31:35.822Z] GET /api/notifications - Content-Length: 0 - IP: ::1
[2026-07-30T05:31:50.823Z] GET /api/notifications - Content-Length: 0 - IP: ::1
[2026-07-30T05:32:05.811Z] GET /api/notifications - Content-Length: 0 - IP: ::1
[2026-07-30T05:32:20.813Z] GET /api/notifications - Content-Length: 0 - IP: ::1
[2026-07-30T05:32:38.814Z] GET /api/notifications - Content-Length: 0 - IP: ::1
[2026-07-30T05:33:32.585Z] GET /api/notifications - Content-Length: 0 - IP: ::1
[2026-07-30T05:33:37.004Z] GET /api/notifications - Content-Length: 0 - IP: ::1
[2026-07-30T05:33:50.815Z] GET /api/notifications - Content-Length: 0 - IP: ::1
[2026-07-30T05:34:05.813Z] GET /api/notifications - Content-Length: 0 - IP: ::1
[2026-07-30T05:34:20.809Z] GET /api/notifications - Content-Length: 0 - IP: ::1
[2026-07-30T05:34:35.810Z] GET /api/notifications - Content-Length: 0 - IP: ::1
[2026-07-30T05:35:49.789Z] GET /api/banners/categories - Content-Length: 0 - IP: ::1
[2026-07-30T05:35:50.139Z] GET /api/banners/categories - Content-Length: 0 - IP: ::1
[2026-07-30T05:35:50.915Z] GET /api/banners/categories - Content-Length: 0 - IP: ::1
[2026-07-30T05:35:50.919Z] GET /api/banners - Content-Length: 0 - IP: ::1
[2026-07-30T05:35:50.923Z] GET /api/products - Content-Length: 0 - IP: ::1
[2026-07-30T05:36:02.749Z] GET /api/products - Content-Length: 0 - IP: ::1
[2026-07-30T05:36:02.763Z] GET /api/banners/categories - Content-Length: 0 - IP: ::1
[2026-07-30T05:36:02.767Z] GET /api/banners - Content-Length: 0 - IP: ::1
[2026-07-30T05:36:02.771Z] GET /api/auth/me - Content-Length: 0 - IP: ::1
[2026-07-30T05:36:03.054Z] GET /api/products - Content-Length: 0 - IP: ::1
[2026-07-30T05:36:03.338Z] GET /api/banners/categories - Content-Length: 0 - IP: ::1
[2026-07-30T05:36:03.935Z] GET /api/notifications - Content-Length: 0 - IP: ::1
[2026-07-30T05:36:06.924Z] GET /api/payment/dashboard-stats - Content-Length: 0 - IP: ::1
[2026-07-30T05:36:09.317Z] GET /api/payment/orders - Content-Length: 0 - IP: ::1
[2026-07-30T05:36:10.280Z] GET /api/products - Content-Length: 0 - IP: ::1
[2026-07-30T05:36:12.178Z] OPTIONS /api/products/next-code?category=Women&collection= - Content-Length: 0 - IP: ::1
[2026-07-30T05:36:12.182Z] GET /api/products/next-code?category=Women&collection= - Content-Length: 0 - IP: ::1
[2026-07-30T05:36:17.495Z] OPTIONS /api/products/next-code?category=Men&collection= - Content-Length: 0 - IP: ::1
[2026-07-30T05:36:17.499Z] GET /api/products/next-code?category=Men&collection= - Content-Length: 0 - IP: ::1
[2026-07-30T05:36:18.936Z] GET /api/notifications - Content-Length: 0 - IP: ::1
[2026-07-30T05:36:19.502Z] OPTIONS /api/products/next-code?category=Women&collection= - Content-Length: 0 - IP: ::1
[2026-07-30T05:36:19.505Z] GET /api/products/next-code?category=Women&collection= - Content-Length: 0 - IP: ::1
[2026-07-30T05:36:33.942Z] GET /api/notifications - Content-Length: 0 - IP: ::1
[2026-07-30T05:36:49.812Z] GET /api/notifications - Content-Length: 0 - IP: ::1
[2026-07-30T05:37:04.812Z] GET /api/notifications - Content-Length: 0 - IP: ::1
[2026-07-30T05:37:19.819Z] GET /api/notifications - Content-Length: 0 - IP: ::1
[2026-07-30T05:37:34.810Z] GET /api/notifications - Content-Length: 0 - IP: ::1
[2026-07-30T05:38:26.436Z] GET /api/notifications - Content-Length: 0 - IP: ::1
[2026-07-30T05:38:34.809Z] GET /api/notifications - Content-Length: 0 - IP: ::1
[2026-07-30T05:38:49.808Z] GET /api/notifications - Content-Length: 0 - IP: ::1
[2026-07-30T05:39:04.820Z] GET /api/notifications - Content-Length: 0 - IP: ::1
[2026-07-30T05:39:19.812Z] GET /api/notifications - Content-Length: 0 - IP: ::1
[2026-07-30T05:39:36.081Z] GET /api/notifications - Content-Length: 0 - IP: ::1
[2026-07-30T05:39:49.815Z] GET /api/notifications - Content-Length: 0 - IP: ::1
[2026-07-30T05:39:57.833Z] GET /api/payment/dashboard-stats - Content-Length: 0 - IP: ::1
[2026-07-30T05:40:00.514Z] GET /api/payment/orders - Content-Length: 0 - IP: ::1
[2026-07-30T05:40:04.811Z] GET /api/notifications - Content-Length: 0 - IP: ::1
[2026-07-30T05:40:19.809Z] GET /api/notifications - Content-Length: 0 - IP: ::1
[2026-07-30T05:40:34.824Z] GET /api/notifications - Content-Length: 0 - IP: ::1
[2026-07-30T05:40:49.816Z] GET /api/notifications - Content-Length: 0 - IP: ::1
[2026-07-30T05:41:02.987Z] GET /api/products - Content-Length: 0 - IP: ::1
[2026-07-30T05:41:03.941Z] GET /api/notifications - Content-Length: 0 - IP: ::1
[2026-07-30T05:41:08.522Z] OPTIONS /api/products/next-code?category=Women&collection= - Content-Length: 0 - IP: ::1
[2026-07-30T05:41:08.525Z] GET /api/products/next-code?category=Women&collection= - Content-Length: 0 - IP: ::1
[2026-07-30T05:41:12.831Z] OPTIONS /api/products/next-code?category=Men&collection= - Content-Length: 0 - IP: ::1
[2026-07-30T05:41:12.833Z] GET /api/products/next-code?category=Men&collection= - Content-Length: 0 - IP: ::1
[2026-07-30T05:41:18.941Z] GET /api/notifications - Content-Length: 0 - IP: ::1
[2026-07-30T05:41:33.942Z] GET /api/notifications - Content-Length: 0 - IP: ::1
[2026-07-30T05:41:49.816Z] GET /api/notifications - Content-Length: 0 - IP: ::1
[2026-07-30T05:42:04.810Z] GET /api/notifications - Content-Length: 0 - IP: ::1
[2026-07-30T05:42:13.610Z] OPTIONS /api/products/next-code?category=Women&collection= - Content-Length: 0 - IP: ::1
[2026-07-30T05:42:13.613Z] GET /api/products/next-code?category=Women&collection= - Content-Length: 0 - IP: ::1
[2026-07-30T05:42:15.335Z] OPTIONS /api/products/next-code?category=Men&collection= - Content-Length: 0 - IP: ::1
[2026-07-30T05:42:15.339Z] GET /api/products/next-code?category=Men&collection= - Content-Length: 0 - IP: ::1
[2026-07-30T05:42:18.937Z] GET /api/notifications - Content-Length: 0 - IP: ::1
[2026-07-30T05:42:22.293Z] OPTIONS /api/products/next-code?category=Collection&collection=Spring - Content-Length: 0 - IP: ::1
[2026-07-30T05:42:22.297Z] GET /api/products/next-code?category=Collection&collection=Spring - Content-Length: 0 - IP: ::1
[2026-07-30T05:42:34.821Z] GET /api/notifications - Content-Length: 0 - IP: ::1
[2026-07-30T05:42:49.818Z] GET /api/notifications - Content-Length: 0 - IP: ::1
[2026-07-30T05:43:04.816Z] GET /api/notifications - Content-Length: 0 - IP: ::1
[2026-07-30T05:43:18.831Z] GET /api/products/next-code?category=Collection&collection=Spring - Content-Length: 0 - IP: ::1
[2026-07-30T05:43:18.834Z] GET /api/products - Content-Length: 0 - IP: ::1
[2026-07-30T05:43:19.818Z] GET /api/notifications - Content-Length: 0 - IP: ::1
[2026-07-30T05:43:38.812Z] GET /api/notifications - Content-Length: 0 - IP: ::1
[2026-07-30T05:44:29.931Z] GET /api/notifications - Content-Length: 0 - IP: ::1
[2026-07-30T05:44:33.563Z] GET /api/products/next-code?category=Collection&collection=Summer - Content-Length: 0 - IP: ::1
[2026-07-30T05:44:35.617Z] GET /api/notifications - Content-Length: 0 - IP: ::1
[2026-07-30T05:44:37.775Z] GET /api/products/next-code?category=Collection&collection=Fall - Content-Length: 0 - IP: ::1
[2026-07-30T05:44:41.083Z] GET /api/products/next-code?category=Collection&collection=Winter - Content-Length: 0 - IP: ::1
[2026-07-30T05:44:43.712Z] GET /api/products/next-code?category=Women&collection=Winter - Content-Length: 0 - IP: ::1
[2026-07-30T05:44:46.075Z] GET /api/products/next-code?category=Men&collection=Winter - Content-Length: 0 - IP: ::1
[2026-07-30T05:44:48.620Z] GET /api/products/next-code?category=Collection&collection=Winter - Content-Length: 0 - IP: ::1
[2026-07-30T05:44:48.938Z] GET /api/notifications - Content-Length: 0 - IP: ::1
[2026-07-30T05:45:03.939Z] GET /api/notifications - Content-Length: 0 - IP: ::1
[2026-07-30T05:45:11.340Z] GET /api/products/next-code?category=Women&collection=Winter - Content-Length: 0 - IP: ::1
[2026-07-30T05:45:15.514Z] GET /api/products/next-code?category=Men&collection=Winter - Content-Length: 0 - IP: ::1
[2026-07-30T05:45:18.938Z] GET /api/notifications - Content-Length: 0 - IP: ::1
[2026-07-30T05:45:30.907Z] GET /api/payment/dashboard-stats - Content-Length: 0 - IP: ::1
[2026-07-30T05:45:32.345Z] GET /api/products - Content-Length: 0 - IP: ::1
[2026-07-30T05:45:33.939Z] GET /api/notifications - Content-Length: 0 - IP: ::1
[2026-07-30T05:45:36.371Z] GET /api/products - Content-Length: 0 - IP: ::1
[2026-07-30T05:45:36.413Z] GET /api/payment/orders - Content-Length: 0 - IP: ::1
[2026-07-30T05:45:41.397Z] GET /api/banners/categories - Content-Length: 0 - IP: ::1
[2026-07-30T05:45:41.400Z] GET /api/products - Content-Length: 0 - IP: ::1
[2026-07-30T05:45:48.938Z] GET /api/notifications - Content-Length: 0 - IP: ::1
[2026-07-30T05:45:51.337Z] GET /api/banners/categories - Content-Length: 0 - IP: ::1
[2026-07-30T05:45:56.650Z] GET /api/banners/categories - Content-Length: 0 - IP: ::1
[2026-07-30T05:46:03.935Z] GET /api/notifications - Content-Length: 0 - IP: ::1
[2026-07-30T05:46:08.524Z] GET /api/banners/categories - Content-Length: 0 - IP: ::1
[2026-07-30T05:46:15.169Z] GET /api/banners/categories - Content-Length: 0 - IP: ::1
[2026-07-30T05:46:18.936Z] GET /api/notifications - Content-Length: 0 - IP: ::1
[2026-07-30T05:46:21.306Z] GET /api/banners/categories - Content-Length: 0 - IP: ::1
[2026-07-30T05:46:25.116Z] GET /api/payment/dashboard-stats - Content-Length: 0 - IP: ::1
[2026-07-30T05:46:27.275Z] GET /api/products - Content-Length: 0 - IP: ::1
[2026-07-30T05:46:27.906Z] GET /api/payment/orders - Content-Length: 0 - IP: ::1
[2026-07-30T05:46:31.587Z] GET /api/banners - Content-Length: 0 - IP: ::1
[2026-07-30T05:46:31.589Z] GET /api/banners/categories - Content-Length: 0 - IP: ::1
[2026-07-30T05:46:33.939Z] GET /api/notifications - Content-Length: 0 - IP: ::1
[2026-07-30T05:46:34.584Z] GET /api/products - Content-Length: 0 - IP: ::1
[2026-07-30T05:46:37.056Z] GET /api/products/next-code?category=Women&collection= - Content-Length: 0 - IP: ::1
[2026-07-30T05:46:43.946Z] GET /api/products/next-code?category=Collection&collection=Fall - Content-Length: 0 - IP: ::1
[2026-07-30T05:46:48.939Z] GET /api/notifications - Content-Length: 0 - IP: ::1
[2026-07-30T05:47:04.822Z] GET /api/notifications - Content-Length: 0 - IP: ::1
[2026-07-30T05:47:19.810Z] GET /api/notifications - Content-Length: 0 - IP: ::1
[2026-07-30T05:47:34.804Z] GET /api/notifications - Content-Length: 0 - IP: ::1
[2026-07-30T05:47:49.813Z] GET /api/notifications - Content-Length: 0 - IP: ::1
[2026-07-30T05:48:04.814Z] GET /api/notifications - Content-Length: 0 - IP: ::1
[2026-07-30T05:48:18.937Z] GET /api/notifications - Content-Length: 0 - IP: ::1
[2026-07-30T05:48:34.810Z] GET /api/notifications - Content-Length: 0 - IP: ::1
[2026-07-30T05:48:49.839Z] GET /api/notifications - Content-Length: 0 - IP: ::1
[2026-07-30T05:49:04.809Z] GET /api/notifications - Content-Length: 0 - IP: ::1
[2026-07-30T05:49:19.810Z] GET /api/notifications - Content-Length: 0 - IP: ::1
[2026-07-30T05:49:38.820Z] GET /api/notifications - Content-Length: 0 - IP: ::1
[2026-07-30T05:50:20.820Z] GET /api/notifications - Content-Length: 0 - IP: ::1
[2026-07-30T05:50:20.822Z] GET /api/products - Content-Length: 0 - IP: ::1
[2026-07-30T05:50:20.827Z] GET /api/banners/categories - Content-Length: 0 - IP: ::1
[2026-07-30T05:50:36.813Z] GET /api/notifications - Content-Length: 0 - IP: ::1
[2026-07-30T05:50:51.818Z] GET /api/notifications - Content-Length: 0 - IP: ::1
[2026-07-30T05:51:06.811Z] GET /api/notifications - Content-Length: 0 - IP: ::1
[2026-07-30T05:51:21.815Z] GET /api/notifications - Content-Length: 0 - IP: ::1
[2026-07-30T05:51:35.818Z] GET /api/notifications - Content-Length: 0 - IP: ::1
[2026-07-30T05:51:50.818Z] GET /api/notifications - Content-Length: 0 - IP: ::1
[2026-07-30T05:52:05.821Z] GET /api/notifications - Content-Length: 0 - IP: ::1
[2026-07-30T05:52:20.818Z] GET /api/notifications - Content-Length: 0 - IP: ::1
[2026-07-30T05:52:34.060Z] POST /api/products - Content-Length: 68019 - IP: ::1
[2026-07-30T05:52:35.817Z] GET /api/notifications - Content-Length: 0 - IP: ::1
[2026-07-30T05:52:43.911Z] GET /api/products - Content-Length: 0 - IP: ::1
[2026-07-30T05:52:47.486Z] GET /api/banners/categories - Content-Length: 0 - IP: ::1
[2026-07-30T05:52:47.489Z] GET /api/products - Content-Length: 0 - IP: ::1
[2026-07-30T05:52:49.685Z] GET /api/products/fall-01 - Content-Length: 0 - IP: ::1
[2026-07-30T05:52:50.818Z] GET /api/notifications - Content-Length: 0 - IP: ::1
[2026-07-30T05:53:04.610Z] GET /api/banners/categories - Content-Length: 0 - IP: ::1
[2026-07-30T05:53:04.613Z] GET /api/products - Content-Length: 0 - IP: ::1
[2026-07-30T05:53:05.818Z] GET /api/notifications - Content-Length: 0 - IP: ::1
[2026-07-30T05:53:12.001Z] GET /api/payment/dashboard-stats - Content-Length: 0 - IP: ::1
[2026-07-30T05:53:14.358Z] GET /api/payment/orders - Content-Length: 0 - IP: ::1
[2026-07-30T05:53:17.107Z] GET /api/products - Content-Length: 0 - IP: ::1
[2026-07-30T05:53:18.779Z] GET /api/products/next-code?category=Women&collection= - Content-Length: 0 - IP: ::1
[2026-07-30T05:53:20.817Z] GET /api/notifications - Content-Length: 0 - IP: ::1
[2026-07-30T05:53:28.935Z] GET /api/products/next-code?category=Collection&collection=Winter - Content-Length: 0 - IP: ::1
[2026-07-30T05:53:35.817Z] GET /api/notifications - Content-Length: 0 - IP: ::1
[2026-07-30T05:53:50.818Z] GET /api/notifications - Content-Length: 0 - IP: ::1
[2026-07-30T05:54:05.819Z] GET /api/notifications - Content-Length: 0 - IP: ::1
[2026-07-30T05:54:18.017Z] POST /api/products - Content-Length: 63535 - IP: ::1
[2026-07-30T05:54:20.823Z] GET /api/notifications - Content-Length: 0 - IP: ::1
[2026-07-30T05:54:27.938Z] GET /api/products - Content-Length: 0 - IP: ::1
[2026-07-30T05:54:36.813Z] GET /api/notifications - Content-Length: 0 - IP: ::1
[2026-07-30T05:54:51.823Z] GET /api/notifications - Content-Length: 0 - IP: ::1
[2026-07-30T05:55:05.821Z] GET /api/notifications - Content-Length: 0 - IP: ::1
[2026-07-30T05:55:06.971Z] GET /api/banners/categories - Content-Length: 0 - IP: ::1
[2026-07-30T05:55:06.973Z] GET /api/products - Content-Length: 0 - IP: ::1
[2026-07-30T05:55:20.822Z] GET /api/notifications - Content-Length: 0 - IP: ::1
[2026-07-30T05:55:22.163Z] GET /api/payment/dashboard-stats - Content-Length: 0 - IP: ::1
[2026-07-30T05:55:24.435Z] GET /api/payment/orders - Content-Length: 0 - IP: ::1
[2026-07-30T05:55:27.071Z] GET /api/products - Content-Length: 0 - IP: ::1
[2026-07-30T05:55:29.445Z] GET /api/products/next-code?category=Women&collection= - Content-Length: 0 - IP: ::1
[2026-07-30T05:55:35.821Z] GET /api/notifications - Content-Length: 0 - IP: ::1
[2026-07-30T05:55:51.817Z] GET /api/notifications - Content-Length: 0 - IP: ::1
[2026-07-30T05:56:06.815Z] GET /api/notifications - Content-Length: 0 - IP: ::1
[2026-07-30T05:56:21.827Z] GET /api/notifications - Content-Length: 0 - IP: ::1
[2026-07-30T05:56:36.813Z] GET /api/notifications - Content-Length: 0 - IP: ::1
[2026-07-30T05:56:50.819Z] GET /api/notifications - Content-Length: 0 - IP: ::1
[2026-07-30T05:57:03.097Z] GET /api/banners - Content-Length: 0 - IP: ::1
[2026-07-30T05:57:03.099Z] GET /api/banners/categories - Content-Length: 0 - IP: ::1
[2026-07-30T05:57:05.818Z] GET /api/notifications - Content-Length: 0 - IP: ::1
[2026-07-30T05:57:20.820Z] GET /api/notifications - Content-Length: 0 - IP: ::1
[2026-07-30T05:57:24.318Z] GET /api/products - Content-Length: 0 - IP: ::1
[2026-07-30T05:57:36.809Z] GET /api/notifications - Content-Length: 0 - IP: ::1
[2026-07-30T05:57:51.819Z] GET /api/notifications - Content-Length: 0 - IP: ::1
[2026-07-30T05:58:06.817Z] GET /api/notifications - Content-Length: 0 - IP: ::1
[2026-07-30T05:58:21.822Z] GET /api/notifications - Content-Length: 0 - IP: ::1
[2026-07-30T05:58:38.811Z] GET /api/notifications - Content-Length: 0 - IP: ::1
[2026-07-30T05:59:33.874Z] GET /api/products - Content-Length: 0 - IP: ::1
[2026-07-30T05:59:33.876Z] GET /api/products/next-code?category=Women&collection= - Content-Length: 0 - IP: ::1
[2026-07-30T05:59:38.818Z] GET /api/notifications - Content-Length: 0 - IP: ::1
[2026-07-30T05:59:51.827Z] GET /api/notifications - Content-Length: 0 - IP: ::1
[2026-07-30T05:59:51.828Z] GET /api/products - Content-Length: 0 - IP: ::1
[2026-07-30T05:59:51.829Z] GET /api/banners/categories - Content-Length: 0 - IP: ::1
[2026-07-30T06:00:07.815Z] GET /api/notifications - Content-Length: 0 - IP: ::1
[2026-07-30T06:00:22.809Z] GET /api/notifications - Content-Length: 0 - IP: ::1
[2026-07-30T06:00:37.821Z] GET /api/notifications - Content-Length: 0 - IP: ::1
[2026-07-30T06:00:51.829Z] GET /api/notifications - Content-Length: 0 - IP: ::1
[2026-07-30T06:01:06.827Z] GET /api/notifications - Content-Length: 0 - IP: ::1
[2026-07-30T06:01:22.809Z] GET /api/notifications - Content-Length: 0 - IP: ::1
[2026-07-30T06:01:37.825Z] GET /api/notifications - Content-Length: 0 - IP: ::1
[2026-07-30T06:01:52.820Z] GET /api/notifications - Content-Length: 0 - IP: ::1
[2026-07-30T06:02:07.832Z] GET /api/notifications - Content-Length: 0 - IP: ::1
[2026-07-30T06:02:38.809Z] GET /api/notifications - Content-Length: 0 - IP: ::1
[2026-07-30T06:03:14.737Z] GET /api/notifications - Content-Length: 0 - IP: ::1
[2026-07-30T06:03:21.827Z] GET /api/notifications - Content-Length: 0 - IP: ::1
[2026-07-30T06:03:23.486Z] GET /api/banners - Content-Length: 0 - IP: ::1
[2026-07-30T06:03:23.488Z] GET /api/banners/categories - Content-Length: 0 - IP: ::1
[2026-07-30T06:03:37.819Z] GET /api/notifications - Content-Length: 0 - IP: ::1
[2026-07-30T06:03:52.826Z] GET /api/notifications - Content-Length: 0 - IP: ::1
[2026-07-30T06:04:07.810Z] GET /api/notifications - Content-Length: 0 - IP: ::1
[2026-07-30T06:04:22.825Z] GET /api/notifications - Content-Length: 0 - IP: ::1
[2026-07-30T06:04:38.820Z] GET /api/notifications - Content-Length: 0 - IP: ::1
[2026-07-30T06:04:54.766Z] GET /api/notifications - Content-Length: 0 - IP: ::1
[2026-07-30T06:05:07.813Z] GET /api/notifications - Content-Length: 0 - IP: ::1
[2026-07-30T06:05:22.820Z] GET /api/notifications - Content-Length: 0 - IP: ::1
[2026-07-30T06:05:37.819Z] GET /api/notifications - Content-Length: 0 - IP: ::1
[2026-07-30T06:05:52.813Z] GET /api/notifications - Content-Length: 0 - IP: ::1
[2026-07-30T06:06:38.812Z] GET /api/notifications - Content-Length: 0 - IP: ::1
[2026-07-30T06:07:38.810Z] GET /api/notifications - Content-Length: 0 - IP: ::1
[2026-07-30T06:08:38.811Z] GET /api/notifications - Content-Length: 0 - IP: ::1
[2026-07-30T06:09:38.815Z] GET /api/notifications - Content-Length: 0 - IP: ::1
[2026-07-30T06:10:38.809Z] GET /api/notifications - Content-Length: 0 - IP: ::1
[2026-07-30T06:11:38.810Z] GET /api/notifications - Content-Length: 0 - IP: ::1
[2026-07-30T06:12:38.818Z] GET /api/notifications - Content-Length: 0 - IP: ::1
[2026-07-30T06:13:38.812Z] GET /api/notifications - Content-Length: 0 - IP: ::1
[2026-08-02T05:58:31.808Z] GET /api/products - Content-Length: 0 - IP: ::1
[2026-08-02T05:58:31.829Z] GET /api/banners/categories - Content-Length: 0 - IP: ::1
[2026-08-02T05:58:31.833Z] GET /api/banners - Content-Length: 0 - IP: ::1
[2026-08-02T05:58:31.837Z] GET /api/auth/me - Content-Length: 0 - IP: ::1
[2026-08-02T05:58:35.303Z] GET /api/products - Content-Length: 0 - IP: ::1
[2026-08-02T05:58:35.324Z] GET /api/notifications - Content-Length: 0 - IP: ::1
[2026-08-02T05:58:35.341Z] GET /api/banners/categories - Content-Length: 0 - IP: ::1
[2026-08-02T05:58:50.334Z] GET /api/notifications - Content-Length: 0 - IP: ::1
[2026-08-02T05:59:05.821Z] GET /api/notifications - Content-Length: 0 - IP: ::1
[2026-08-02T05:59:20.809Z] GET /api/notifications - Content-Length: 0 - IP: ::1
[2026-08-02T05:59:35.826Z] GET /api/notifications - Content-Length: 0 - IP: ::1
[2026-08-02T05:59:50.814Z] GET /api/notifications - Content-Length: 0 - IP: ::1
[2026-08-02T06:00:05.818Z] GET /api/notifications - Content-Length: 0 - IP: ::1
[2026-08-02T06:01:12.817Z] GET /api/notifications - Content-Length: 0 - IP: ::1
[2026-08-02T06:02:12.820Z] GET /api/notifications - Content-Length: 0 - IP: ::1
[2026-08-02T06:03:12.807Z] GET /api/notifications - Content-Length: 0 - IP: ::1
[2026-08-02T06:04:12.797Z] GET /api/notifications - Content-Length: 0 - IP: ::1
[2026-08-02T06:05:12.812Z] GET /api/notifications - Content-Length: 0 - IP: ::1
[2026-08-02T06:06:12.811Z] GET /api/notifications - Content-Length: 0 - IP: ::1
[2026-08-02T06:07:12.810Z] GET /api/notifications - Content-Length: 0 - IP: ::1
[2026-08-02T06:08:12.813Z] GET /api/notifications - Content-Length: 0 - IP: ::1
[2026-08-02T06:09:12.812Z] GET /api/notifications - Content-Length: 0 - IP: ::1
[2026-08-02T06:10:12.820Z] GET /api/notifications - Content-Length: 0 - IP: ::1
[2026-08-02T06:11:12.809Z] GET /api/notifications - Content-Length: 0 - IP: ::1
[2026-08-02T06:12:12.819Z] GET /api/notifications - Content-Length: 0 - IP: ::1
[2026-08-02T06:13:12.818Z] GET /api/notifications - Content-Length: 0 - IP: ::1
[2026-08-02T06:14:12.816Z] GET /api/notifications - Content-Length: 0 - IP: ::1
[2026-08-02T06:15:12.835Z] GET /api/notifications - Content-Length: 0 - IP: ::1
[2026-08-02T06:16:12.813Z] GET /api/notifications - Content-Length: 0 - IP: ::1
[2026-08-02T06:16:58.547Z] POST /api/auth/register - Content-Length: 84 - IP: ::1
[2026-08-02T06:17:12.819Z] GET /api/notifications - Content-Length: 0 - IP: ::1
[2026-08-02T06:18:12.815Z] GET /api/notifications - Content-Length: 0 - IP: ::1
[2026-08-02T06:19:12.811Z] GET /api/notifications - Content-Length: 0 - IP: ::1
[2026-08-02T06:20:12.809Z] GET /api/notifications - Content-Length: 0 - IP: ::1
[2026-08-02T06:20:27.889Z] POST /api/auth/login - Content-Length: 62 - IP: ::1
[2026-08-02T06:21:12.816Z] GET /api/notifications - Content-Length: 0 - IP: ::1
[2026-08-02T06:21:20.328Z] GET /api/notifications - Content-Length: 0 - IP: ::1
[2026-08-02T06:21:35.334Z] GET /api/notifications - Content-Length: 0 - IP: ::1
[2026-08-02T06:21:50.328Z] GET /api/notifications - Content-Length: 0 - IP: ::1
[2026-08-02T06:21:53.654Z] POST /api/auth/login - Content-Length: 63 - IP: ::1
[2026-08-02T06:22:05.324Z] GET /api/notifications - Content-Length: 0 - IP: ::1
[2026-08-02T06:22:13.875Z] POST /api/auth/logout - Content-Length: 0 - IP: ::1
[2026-08-02T06:22:29.664Z] OPTIONS /api/auth/login - Content-Length: 0 - IP: ::1
[2026-08-02T06:22:29.669Z] POST /api/auth/login - Content-Length: 54 - IP: ::1
[2026-08-02T06:22:57.896Z] OPTIONS /api/auth/google-login - Content-Length: 0 - IP: ::1
[2026-08-02T06:22:57.902Z] POST /api/auth/google-login - Content-Length: 1198 - IP: ::1
[2026-08-02T06:23:04.143Z] GET /api/notifications - Content-Length: 0 - IP: ::1
[2026-08-02T06:23:19.801Z] GET /api/notifications - Content-Length: 0 - IP: ::1
[2026-08-02T06:23:34.809Z] GET /api/notifications - Content-Length: 0 - IP: ::1
[2026-08-02T06:23:49.815Z] GET /api/notifications - Content-Length: 0 - IP: ::1
[2026-08-02T06:24:04.809Z] GET /api/notifications - Content-Length: 0 - IP: ::1
[2026-08-02T06:24:19.810Z] GET /api/notifications - Content-Length: 0 - IP: ::1
[2026-08-02T06:24:34.816Z] GET /api/notifications - Content-Length: 0 - IP: ::1
[2026-08-02T06:25:12.814Z] GET /api/notifications - Content-Length: 0 - IP: ::1
[2026-08-02T06:26:12.806Z] GET /api/notifications - Content-Length: 0 - IP: ::1
[2026-08-02T06:27:12.812Z] GET /api/notifications - Content-Length: 0 - IP: ::1
[2026-08-02T06:28:12.861Z] GET /api/notifications - Content-Length: 0 - IP: ::1
[2026-08-02T06:29:12.812Z] GET /api/notifications - Content-Length: 0 - IP: ::1
[2026-08-02T06:29:24.131Z] GET /api/notifications - Content-Length: 0 - IP: ::1
[2026-08-02T06:29:28.020Z] POST /api/auth/logout - Content-Length: 0 - IP: ::1
[2026-08-02T06:29:49.833Z] OPTIONS /api/auth/login - Content-Length: 0 - IP: ::1
[2026-08-02T06:29:49.841Z] POST /api/auth/login - Content-Length: 53 - IP: ::1
[2026-08-02T06:31:23.561Z] POST /api/auth/logout - Content-Length: 0 - IP: ::1
[2026-08-02T06:31:35.507Z] OPTIONS /api/auth/google-login - Content-Length: 0 - IP: ::1
[2026-08-02T06:31:35.514Z] POST /api/auth/google-login - Content-Length: 1198 - IP: ::1
[2026-08-02T06:31:38.564Z] GET /api/notifications - Content-Length: 0 - IP: ::1
[2026-08-02T06:31:53.571Z] GET /api/notifications - Content-Length: 0 - IP: ::1
[2026-08-02T06:32:08.576Z] GET /api/notifications - Content-Length: 0 - IP: ::1
[2026-08-02T06:32:23.565Z] GET /api/notifications - Content-Length: 0 - IP: ::1
[2026-08-02T06:32:38.568Z] GET /api/notifications - Content-Length: 0 - IP: ::1
[2026-08-02T06:32:53.576Z] GET /api/notifications - Content-Length: 0 - IP: ::1
[2026-08-02T06:33:08.575Z] GET /api/notifications - Content-Length: 0 - IP: ::1
[2026-08-02T06:33:23.569Z] GET /api/notifications - Content-Length: 0 - IP: ::1
[2026-08-02T06:33:38.813Z] GET /api/notifications - Content-Length: 0 - IP: ::1
[2026-08-02T06:33:53.812Z] GET /api/notifications - Content-Length: 0 - IP: ::1
[2026-08-02T06:34:08.805Z] GET /api/notifications - Content-Length: 0 - IP: ::1
[2026-08-02T06:34:23.803Z] GET /api/notifications - Content-Length: 0 - IP: ::1
[2026-08-02T06:35:12.822Z] GET /api/notifications - Content-Length: 0 - IP: ::1
[2026-08-02T06:36:12.807Z] GET /api/notifications - Content-Length: 0 - IP: ::1
[2026-08-02T06:37:12.807Z] GET /api/notifications - Content-Length: 0 - IP: ::1
[2026-08-02T06:38:12.813Z] GET /api/notifications - Content-Length: 0 - IP: ::1
[2026-08-02T06:39:12.811Z] GET /api/notifications - Content-Length: 0 - IP: ::1
[2026-08-02T06:40:12.815Z] GET /api/notifications - Content-Length: 0 - IP: ::1
[2026-08-02T06:40:59.025Z] GET /api/notifications - Content-Length: 0 - IP: ::1
[2026-08-02T06:41:08.566Z] GET /api/notifications - Content-Length: 0 - IP: ::1
[2026-08-02T06:41:23.820Z] GET /api/notifications - Content-Length: 0 - IP: ::1
[2026-08-02T06:41:38.812Z] GET /api/notifications - Content-Length: 0 - IP: ::1
[2026-08-02T06:41:53.812Z] GET /api/notifications - Content-Length: 0 - IP: ::1
[2026-08-02T06:42:08.565Z] GET /api/notifications - Content-Length: 0 - IP: ::1
[2026-08-02T06:42:23.570Z] GET /api/notifications - Content-Length: 0 - IP: ::1
[2026-08-02T06:42:25.214Z] POST /api/auth/google-login - Content-Length: 1203 - IP: ::1
[2026-08-02T06:42:38.574Z] GET /api/notifications - Content-Length: 0 - IP: ::1
[2026-08-02T06:42:53.807Z] GET /api/notifications - Content-Length: 0 - IP: ::1
[2026-08-02T06:43:08.814Z] GET /api/notifications - Content-Length: 0 - IP: ::1
[2026-08-02T06:43:23.813Z] GET /api/notifications - Content-Length: 0 - IP: ::1
[2026-08-02T06:43:38.794Z] GET /api/notifications - Content-Length: 0 - IP: ::1
[2026-08-02T06:44:12.801Z] GET /api/notifications - Content-Length: 0 - IP: ::1
[2026-08-02T06:45:12.812Z] GET /api/notifications - Content-Length: 0 - IP: ::1
[2026-08-02T06:46:12.809Z] GET /api/notifications - Content-Length: 0 - IP: ::1
[2026-08-02T06:47:12.817Z] GET /api/notifications - Content-Length: 0 - IP: ::1
[2026-08-02T06:48:12.814Z] GET /api/notifications - Content-Length: 0 - IP: ::1
[2026-08-02T06:49:12.810Z] GET /api/notifications - Content-Length: 0 - IP: ::1
[2026-08-02T06:50:12.809Z] GET /api/notifications - Content-Length: 0 - IP: ::1
[2026-08-02T06:50:14.530Z] POST /api/auth/google-login - Content-Length: 1203 - IP: ::1
[2026-08-02T06:51:12.821Z] GET /api/notifications - Content-Length: 0 - IP: ::1
[2026-08-02T06:51:37.017Z] GET /api/auth/me - Content-Length: 0 - IP: ::1
[2026-08-02T06:52:12.814Z] GET /api/notifications - Content-Length: 0 - IP: ::1
[2026-08-02T06:52:51.275Z] GET /api/notifications - Content-Length: 0 - IP: ::1
[2026-08-02T06:52:53.569Z] GET /api/notifications - Content-Length: 0 - IP: ::1
[2026-08-02T06:53:08.566Z] GET /api/notifications - Content-Length: 0 - IP: ::1
[2026-08-02T06:53:10.880Z] POST /api/auth/logout - Content-Length: 0 - IP: ::1
[2026-08-02T06:53:50.888Z] OPTIONS /api/auth/login - Content-Length: 0 - IP: ::1
[2026-08-02T06:53:50.893Z] POST /api/auth/login - Content-Length: 53 - IP: ::1
[2026-08-02T06:54:28.125Z] POST /api/auth/logout - Content-Length: 0 - IP: ::1
[2026-08-02T06:54:38.879Z] OPTIONS /api/auth/google-login - Content-Length: 0 - IP: ::1
[2026-08-02T06:54:38.888Z] POST /api/auth/google-login - Content-Length: 1198 - IP: ::1
[2026-08-02T06:54:42.258Z] GET /api/notifications - Content-Length: 0 - IP: ::1
[2026-08-02T06:54:57.260Z] GET /api/notifications - Content-Length: 0 - IP: ::1
[2026-08-02T06:55:12.265Z] GET /api/notifications - Content-Length: 0 - IP: ::1
[2026-08-02T07:15:31.560Z] GET /api/notifications - Content-Length: 0 - IP: ::1
[2026-08-02T07:15:42.565Z] GET /api/products - Content-Length: 0 - IP: ::1
[2026-08-02T07:15:42.606Z] GET /api/banners/categories - Content-Length: 0 - IP: ::1
[2026-08-02T07:15:42.612Z] GET /api/banners/categories - Content-Length: 0 - IP: ::1
[2026-08-02T07:15:42.620Z] GET /api/products - Content-Length: 0 - IP: ::1
[2026-08-02T07:15:42.624Z] GET /api/banners - Content-Length: 0 - IP: ::1
[2026-08-02T07:15:42.636Z] GET /api/auth/me - Content-Length: 0 - IP: ::1
[2026-08-02T07:15:43.778Z] GET /api/notifications - Content-Length: 0 - IP: ::1
[2026-08-02T07:15:58.784Z] GET /api/notifications - Content-Length: 0 - IP: ::1
[2026-08-02T07:16:13.789Z] GET /api/notifications - Content-Length: 0 - IP: ::1
[2026-08-02T07:16:28.784Z] GET /api/notifications - Content-Length: 0 - IP: ::1
[2026-08-02T07:16:43.783Z] GET /api/notifications - Content-Length: 0 - IP: ::1
[2026-08-02T07:16:58.955Z] GET /api/notifications - Content-Length: 0 - IP: ::1
[2026-08-02T07:16:59.832Z] GET /api/products - Content-Length: 0 - IP: ::1
[2026-08-02T07:16:59.926Z] GET /api/banners/categories - Content-Length: 0 - IP: ::1
[2026-08-02T07:16:59.982Z] GET /api/banners/categories - Content-Length: 0 - IP: ::1
[2026-08-02T07:17:00.039Z] GET /api/products - Content-Length: 0 - IP: ::1
[2026-08-02T07:17:00.043Z] GET /api/banners - Content-Length: 0 - IP: ::1
[2026-08-02T07:17:00.060Z] GET /api/auth/me - Content-Length: 0 - IP: ::1
[2026-08-02T07:17:02.523Z] GET /api/notifications - Content-Length: 0 - IP: ::1
[2026-08-02T07:17:17.794Z] GET /api/notifications - Content-Length: 0 - IP: ::1
[2026-08-02T07:17:32.797Z] GET /api/notifications - Content-Length: 0 - IP: ::1
[2026-08-02T07:17:47.791Z] GET /api/notifications - Content-Length: 0 - IP: ::1
[2026-08-02T07:18:02.521Z] GET /api/notifications - Content-Length: 0 - IP: ::1
[2026-08-02T07:18:03.730Z] POST /api/auth/logout - Content-Length: 0 - IP: ::1
[2026-08-02T07:18:32.117Z] OPTIONS /api/auth/login - Content-Length: 0 - IP: ::1
[2026-08-02T07:18:32.124Z] POST /api/auth/login - Content-Length: 53 - IP: ::1
[2026-08-02T07:18:35.207Z] GET /api/notifications - Content-Length: 0 - IP: ::1
[2026-08-02T07:18:50.209Z] GET /api/notifications - Content-Length: 0 - IP: ::1
[2026-08-02T07:19:05.210Z] GET /api/notifications - Content-Length: 0 - IP: ::1
[2026-08-02T07:19:20.206Z] GET /api/notifications - Content-Length: 0 - IP: ::1
[2026-08-02T07:19:23.246Z] POST /api/auth/login - Content-Length: 62 - IP: ::1
[2026-08-02T07:19:31.092Z] GET /api/auth/me - Content-Length: 0 - IP: ::1
[2026-08-02T07:19:35.220Z] GET /api/notifications - Content-Length: 0 - IP: ::1
[2026-08-02T07:19:50.800Z] GET /api/notifications - Content-Length: 0 - IP: ::1
[2026-08-02T07:20:05.785Z] GET /api/notifications - Content-Length: 0 - IP: ::1
[2026-08-02T07:20:20.793Z] GET /api/notifications - Content-Length: 0 - IP: ::1
[2026-08-02T07:20:35.788Z] GET /api/notifications - Content-Length: 0 - IP: ::1
[2026-08-02T07:21:12.104Z] GET /api/notifications - Content-Length: 0 - IP: ::1
[2026-08-02T07:21:20.218Z] GET /api/notifications - Content-Length: 0 - IP: ::1
[2026-08-02T07:21:30.340Z] POST /api/auth/forgot-password - Content-Length: 33 - IP: ::1
[2026-08-02T07:21:35.208Z] GET /api/notifications - Content-Length: 0 - IP: ::1
[2026-08-02T07:21:50.795Z] GET /api/notifications - Content-Length: 0 - IP: ::1
[2026-08-02T07:22:05.791Z] GET /api/notifications - Content-Length: 0 - IP: ::1
[2026-08-02T07:22:20.785Z] GET /api/notifications - Content-Length: 0 - IP: ::1
[2026-08-02T07:22:35.789Z] GET /api/notifications - Content-Length: 0 - IP: ::1
[2026-08-02T07:24:00.018Z] POST /api/auth/forgot-password - Content-Length: 33 - IP: ::1
[2026-08-02T07:24:12.798Z] GET /api/notifications - Content-Length: 0 - IP: ::1
[2026-08-02T07:24:20.949Z] POST /api/auth/verify-otp - Content-Length: 52 - IP: ::1
[2026-08-02T07:25:12.797Z] GET /api/notifications - Content-Length: 0 - IP: ::1
[2026-08-02T07:25:15.681Z] POST /api/auth/reset-password - Content-Length: 85 - IP: ::1
[2026-08-02T07:25:58.566Z] POST /api/auth/reset-password - Content-Length: 85 - IP: ::1
[2026-08-02T07:26:12.792Z] GET /api/notifications - Content-Length: 0 - IP: ::1
[2026-08-02T07:26:16.721Z] POST /api/auth/login - Content-Length: 63 - IP: ::1
[2026-08-02T07:27:12.794Z] GET /api/notifications - Content-Length: 0 - IP: ::1
[2026-08-02T07:28:01.103Z] GET /api/notifications - Content-Length: 0 - IP: ::1
[2026-08-02T07:28:05.202Z] GET /api/notifications - Content-Length: 0 - IP: ::1
[2026-08-02T07:28:13.398Z] POST /api/auth/login - Content-Length: 63 - IP: ::1
[2026-08-02T07:28:20.209Z] GET /api/notifications - Content-Length: 0 - IP: ::1
[2026-08-02T07:28:21.552Z] POST /api/auth/logout - Content-Length: 0 - IP: ::1
[2026-08-02T07:28:28.817Z] POST /api/auth/login - Content-Length: 63 - IP: ::1
[2026-08-02T07:28:35.788Z] GET /api/notifications - Content-Length: 0 - IP: ::1
[2026-08-02T07:28:50.785Z] GET /api/notifications - Content-Length: 0 - IP: ::1
[2026-08-02T07:29:05.791Z] GET /api/notifications - Content-Length: 0 - IP: ::1
[2026-08-02T07:29:18.035Z] POST /api/auth/logout - Content-Length: 0 - IP: ::1
[2026-08-02T07:29:20.203Z] GET /api/notifications - Content-Length: 0 - IP: ::1
[2026-08-02T07:29:23.800Z] GET /api/auth/me - Content-Length: 0 - IP: ::1
[2026-08-02T07:29:35.202Z] GET /api/notifications - Content-Length: 0 - IP: ::1
[2026-08-02T07:29:52.343Z] GET /api/notifications - Content-Length: 0 - IP: ::1
[2026-08-02T07:30:05.217Z] GET /api/notifications - Content-Length: 0 - IP: ::1
[2026-08-02T07:30:25.378Z] GET /api/notifications - Content-Length: 0 - IP: ::1
[2026-08-02T07:30:35.219Z] GET /api/notifications - Content-Length: 0 - IP: ::1
[2026-08-02T07:30:51.188Z] GET /api/notifications - Content-Length: 0 - IP: ::1
[2026-08-02T07:31:08.863Z] GET /api/notifications - Content-Length: 0 - IP: ::1
[2026-08-02T07:31:20.205Z] GET /api/notifications - Content-Length: 0 - IP: ::1
[2026-08-02T07:31:38.849Z] GET /api/notifications - Content-Length: 0 - IP: ::1
[2026-08-02T07:31:50.211Z] GET /api/notifications - Content-Length: 0 - IP: ::1
[2026-08-02T07:32:05.216Z] GET /api/notifications - Content-Length: 0 - IP: ::1
[2026-08-02T07:32:20.205Z] GET /api/notifications - Content-Length: 0 - IP: ::1
[2026-08-02T07:32:27.605Z] POST /api/auth/login - Content-Length: 63 - IP: ::1
[2026-08-02T07:32:35.218Z] GET /api/notifications - Content-Length: 0 - IP: ::1
[2026-08-02T07:32:50.212Z] GET /api/notifications - Content-Length: 0 - IP: ::1
[2026-08-02T07:33:05.791Z] GET /api/notifications - Content-Length: 0 - IP: ::1
[2026-08-02T07:33:20.788Z] GET /api/notifications - Content-Length: 0 - IP: ::1
[2026-08-02T07:33:26.860Z] GET /api/products?search= - Content-Length: 0 - IP: ::1
[2026-08-02T07:33:35.788Z] GET /api/notifications - Content-Length: 0 - IP: ::1
[2026-08-02T07:33:50.785Z] GET /api/notifications - Content-Length: 0 - IP: ::1
[2026-08-02T07:34:12.797Z] GET /api/notifications - Content-Length: 0 - IP: ::1
[2026-08-02T07:34:15.518Z] GET /api/products?search=Top - Content-Length: 0 - IP: ::1
[2026-08-02T07:34:37.456Z] GET /api/products/1 - Content-Length: 0 - IP: ::1
[2026-08-02T07:35:12.794Z] GET /api/notifications - Content-Length: 0 - IP: ::1
[2026-08-02T07:35:28.633Z] GET /api/products/5 - Content-Length: 0 - IP: ::1
[2026-08-02T07:35:45.831Z] GET /api/products?search= - Content-Length: 0 - IP: ::1
[2026-08-02T07:36:12.793Z] GET /api/notifications - Content-Length: 0 - IP: ::1
[2026-08-02T07:36:23.455Z] GET /api/products?search=5 - Content-Length: 0 - IP: ::1
[2026-08-02T07:36:27.881Z] GET /api/products?search= - Content-Length: 0 - IP: ::1
[2026-08-02T07:36:46.199Z] GET /api/products/5 - Content-Length: 0 - IP: ::1
[2026-08-02T07:36:56.902Z] GET /api/products/4 - Content-Length: 0 - IP: ::1
[2026-08-02T07:37:03.006Z] GET /api/products/3 - Content-Length: 0 - IP: ::1
[2026-08-02T07:37:12.799Z] GET /api/notifications - Content-Length: 0 - IP: ::1
[2026-08-02T07:37:14.434Z] GET /api/products/2 - Content-Length: 0 - IP: ::1
[2026-08-02T07:37:27.597Z] GET /api/products/1 - Content-Length: 0 - IP: ::1
[2026-08-02T07:38:12.796Z] GET /api/notifications - Content-Length: 0 - IP: ::1
[2026-08-02T07:38:55.464Z] GET /api/products/next-code?category=jeans&collection=summer - Content-Length: 0 - IP: ::1
[2026-08-02T07:39:12.794Z] GET /api/notifications - Content-Length: 0 - IP: ::1
[2026-08-02T07:39:14.617Z] GET /api/products/next-code?category=t-shirt&collection=summer - Content-Length: 0 - IP: ::1
[2026-08-02T07:39:25.996Z] GET /api/products/next-code?category=toy&collection=summer - Content-Length: 0 - IP: ::1
[2026-08-02T07:40:12.797Z] GET /api/notifications - Content-Length: 0 - IP: ::1
[2026-08-02T07:40:20.777Z] GET /api/notifications - Content-Length: 0 - IP: ::1
[2026-08-02T07:40:35.786Z] GET /api/notifications - Content-Length: 0 - IP: ::1
[2026-08-02T07:40:50.785Z] GET /api/notifications - Content-Length: 0 - IP: ::1
[2026-08-02T07:41:05.777Z] GET /api/notifications - Content-Length: 0 - IP: ::1
[2026-08-02T07:42:12.794Z] GET /api/notifications - Content-Length: 0 - IP: ::1
[2026-08-02T07:43:12.780Z] GET /api/notifications - Content-Length: 0 - IP: ::1
[2026-08-02T07:44:12.785Z] GET /api/notifications - Content-Length: 0 - IP: ::1
[2026-08-02T07:45:12.787Z] GET /api/notifications - Content-Length: 0 - IP: ::1
[2026-08-02T07:46:12.812Z] GET /api/notifications - Content-Length: 0 - IP: ::1
[2026-08-02T07:46:32.833Z] POST /api/products - Content-Length: 86610 - IP: ::1
[2026-08-02T07:47:12.788Z] GET /api/notifications - Content-Length: 0 - IP: ::1
[2026-08-02T07:47:20.218Z] GET /api/notifications - Content-Length: 0 - IP: ::1
[2026-08-02T07:47:33.570Z] GET /api/banners/categories - Content-Length: 0 - IP: ::1
[2026-08-02T07:47:33.573Z] GET /api/products - Content-Length: 0 - IP: ::1
[2026-08-02T07:47:35.208Z] GET /api/notifications - Content-Length: 0 - IP: ::1
[2026-08-02T07:47:50.207Z] GET /api/notifications - Content-Length: 0 - IP: ::1
[2026-08-02T07:48:05.206Z] GET /api/notifications - Content-Length: 0 - IP: ::1
[2026-08-02T07:48:05.969Z] GET /api/banners/categories - Content-Length: 0 - IP: ::1
[2026-08-02T07:48:08.494Z] GET /api/banners/categories - Content-Length: 0 - IP: ::1
[2026-08-02T07:48:20.209Z] GET /api/notifications - Content-Length: 0 - IP: ::1
[2026-08-02T07:48:35.208Z] GET /api/notifications - Content-Length: 0 - IP: ::1
[2026-08-02T07:48:37.397Z] GET /api/banners/categories - Content-Length: 0 - IP: ::1
[2026-08-02T07:48:37.400Z] GET /api/banners - Content-Length: 0 - IP: ::1
[2026-08-02T07:48:37.403Z] GET /api/products - Content-Length: 0 - IP: ::1
[2026-08-02T07:48:39.976Z] GET /api/products - Content-Length: 0 - IP: ::1
[2026-08-02T07:48:39.985Z] GET /api/banners/categories - Content-Length: 0 - IP: ::1
[2026-08-02T07:48:39.991Z] GET /api/banners - Content-Length: 0 - IP: ::1
[2026-08-02T07:48:39.994Z] GET /api/auth/me - Content-Length: 0 - IP: ::1
[2026-08-02T07:48:40.279Z] GET /api/banners/categories - Content-Length: 0 - IP: ::1
[2026-08-02T07:48:40.405Z] GET /api/notifications - Content-Length: 0 - IP: ::1
[2026-08-02T07:48:40.562Z] GET /api/products - Content-Length: 0 - IP: ::1
[2026-08-02T07:48:51.489Z] GET /api/products/hoodies-01 - Content-Length: 0 - IP: ::1
[2026-08-02T07:48:55.418Z] GET /api/notifications - Content-Length: 0 - IP: ::1
[2026-08-02T07:49:10.787Z] GET /api/notifications - Content-Length: 0 - IP: ::1
[2026-08-02T07:49:21.060Z] GET /api/banners/categories - Content-Length: 0 - IP: ::1
[2026-08-02T07:49:21.063Z] GET /api/banners - Content-Length: 0 - IP: ::1
[2026-08-02T07:49:21.064Z] GET /api/products - Content-Length: 0 - IP: ::1
[2026-08-02T07:49:22.577Z] GET /api/products - Content-Length: 0 - IP: ::1
[2026-08-02T07:49:25.384Z] GET /api/products - Content-Length: 0 - IP: ::1
[2026-08-02T07:49:25.403Z] GET /api/notifications - Content-Length: 0 - IP: ::1
[2026-08-02T07:49:31.619Z] GET /api/banners/categories - Content-Length: 0 - IP: ::1
[2026-08-02T07:49:31.621Z] GET /api/banners - Content-Length: 0 - IP: ::1
[2026-08-02T07:49:31.623Z] GET /api/products - Content-Length: 0 - IP: ::1
[2026-08-02T07:49:38.574Z] GET /api/payment/dashboard-stats - Content-Length: 0 - IP: ::1
[2026-08-02T07:49:40.405Z] GET /api/notifications - Content-Length: 0 - IP: ::1
[2026-08-02T07:49:41.107Z] GET /api/payment/orders - Content-Length: 0 - IP: ::1
[2026-08-02T07:49:41.482Z] GET /api/products - Content-Length: 0 - IP: ::1
[2026-08-02T07:49:55.407Z] GET /api/notifications - Content-Length: 0 - IP: ::1
[2026-08-02T07:50:04.179Z] GET /api/banners/categories - Content-Length: 0 - IP: ::1
[2026-08-02T07:50:04.182Z] GET /api/banners - Content-Length: 0 - IP: ::1
[2026-08-02T07:50:04.185Z] GET /api/products - Content-Length: 0 - IP: ::1
[2026-08-02T07:50:10.406Z] GET /api/notifications - Content-Length: 0 - IP: ::1
[2026-08-02T07:50:25.785Z] GET /api/notifications - Content-Length: 0 - IP: ::1
[2026-08-02T07:50:40.801Z] GET /api/notifications - Content-Length: 0 - IP: ::1
[2026-08-02T07:50:54.614Z] POST /api/products/sync-stock - Content-Length: 19 - IP: ::1
[2026-08-02T07:50:55.798Z] GET /api/notifications - Content-Length: 0 - IP: ::1
[2026-08-02T07:51:07.954Z] POST /api/products/sync-stock - Content-Length: 20 - IP: ::1
[2026-08-02T07:51:10.797Z] GET /api/notifications - Content-Length: 0 - IP: ::1
[2026-08-02T07:52:09.809Z] PUT /api/products/11/stock - Content-Length: 53 - IP: ::1
[2026-08-02T07:52:12.791Z] GET /api/notifications - Content-Length: 0 - IP: ::1
[2026-08-02T07:53:12.786Z] GET /api/notifications - Content-Length: 0 - IP: ::1
[2026-08-02T07:53:49.273Z] PUT /api/products/11/stock - Content-Length: 89 - IP: ::1
[2026-08-02T07:54:12.794Z] GET /api/notifications - Content-Length: 0 - IP: ::1
[2026-08-02T07:54:42.748Z] PUT /api/products/11/stock - Content-Length: 84 - IP: ::1
[2026-08-02T07:54:42.752Z] ❌ ERROR: Unexpected non-whitespace character after JSON at position 53 (line 5 column 2)
Stack: SyntaxError: Unexpected non-whitespace character after JSON at position 53 (line 5 column 2)
    at JSON.parse (<anonymous>)
    at parse (C:\Users\USER\OneDrive\Desktop\Devclothes\Backend\node_modules\body-parser\lib\types\json.js:91:21)
    at C:\Users\USER\OneDrive\Desktop\Devclothes\Backend\node_modules\body-parser\lib\read.js:162:18
    at AsyncResource.runInAsyncScope (node:async_hooks:227:14)
    at invokeCallback (C:\Users\USER\OneDrive\Desktop\Devclothes\Backend\node_modules\raw-body\index.js:238:16)
    at done (C:\Users\USER\OneDrive\Desktop\Devclothes\Backend\node_modules\raw-body\index.js:227:7)
    at IncomingMessage.onEnd (C:\Users\USER\OneDrive\Desktop\Devclothes\Backend\node_modules\raw-body\index.js:287:7)
    at IncomingMessage.emit (node:events:509:28)
    at endReadableNT (node:internal/streams/readable:1735:12)
    at process.processTicksAndRejections (node:internal/process/task_queues:90:21)
[2026-08-02T07:55:03.238Z] PUT /api/products/11/stock - Content-Length: 80 - IP: ::1
[2026-08-02T07:55:12.790Z] GET /api/notifications - Content-Length: 0 - IP: ::1
[2026-08-02T07:55:29.621Z] PUT /api/products/11/stock - Content-Length: 76 - IP: ::1
[2026-08-02T07:55:45.065Z] PUT /api/products/11/stock - Content-Length: 55 - IP: ::1
[2026-08-02T07:55:45.066Z] ❌ ERROR: Expected double-quoted property name in JSON at position 54 (line 6 column 1)
Stack: SyntaxError: Expected double-quoted property name in JSON at position 54 (line 6 column 1)
    at JSON.parse (<anonymous>)
    at parse (C:\Users\USER\OneDrive\Desktop\Devclothes\Backend\node_modules\body-parser\lib\types\json.js:91:21)
    at C:\Users\USER\OneDrive\Desktop\Devclothes\Backend\node_modules\body-parser\lib\read.js:162:18
    at AsyncResource.runInAsyncScope (node:async_hooks:227:14)
    at invokeCallback (C:\Users\USER\OneDrive\Desktop\Devclothes\Backend\node_modules\raw-body\index.js:238:16)
    at done (C:\Users\USER\OneDrive\Desktop\Devclothes\Backend\node_modules\raw-body\index.js:227:7)
    at IncomingMessage.onEnd (C:\Users\USER\OneDrive\Desktop\Devclothes\Backend\node_modules\raw-body\index.js:287:7)
    at IncomingMessage.emit (node:events:509:28)
    at endReadableNT (node:internal/streams/readable:1735:12)
    at process.processTicksAndRejections (node:internal/process/task_queues:90:21)
[2026-08-02T07:55:49.757Z] GET /api/notifications - Content-Length: 0 - IP: ::1
[2026-08-02T07:55:54.710Z] GET /api/payment/dashboard-stats - Content-Length: 0 - IP: ::1
[2026-08-02T07:55:55.407Z] GET /api/notifications - Content-Length: 0 - IP: ::1
[2026-08-02T07:55:56.161Z] GET /api/products - Content-Length: 0 - IP: ::1
[2026-08-02T07:55:58.048Z] GET /api/payment/orders - Content-Length: 0 - IP: ::1
[2026-08-02T07:56:07.101Z] GET /api/banners/categories - Content-Length: 0 - IP: ::1
[2026-08-02T07:56:07.104Z] GET /api/banners - Content-Length: 0 - IP: ::1
[2026-08-02T07:56:07.109Z] GET /api/products - Content-Length: 0 - IP: ::1
[2026-08-02T07:56:10.403Z] GET /api/notifications - Content-Length: 0 - IP: ::1
[2026-08-02T07:56:25.804Z] GET /api/notifications - Content-Length: 0 - IP: ::1
[2026-08-02T07:56:39.446Z] DELETE /api/products/11 - Content-Length: 0 - IP: ::1
[2026-08-02T07:56:40.796Z] GET /api/notifications - Content-Length: 0 - IP: ::1
[2026-08-02T07:56:47.213Z] GET /api/products - Content-Length: 0 - IP: ::1
[2026-08-02T07:56:47.220Z] GET /api/banners/categories - Content-Length: 0 - IP: ::1
[2026-08-02T07:56:47.226Z] GET /api/banners - Content-Length: 0 - IP: ::1
[2026-08-02T07:56:47.237Z] GET /api/auth/me - Content-Length: 0 - IP: ::1
[2026-08-02T07:56:47.510Z] GET /api/products - Content-Length: 0 - IP: ::1
[2026-08-02T07:56:48.080Z] GET /api/banners/categories - Content-Length: 0 - IP: ::1
[2026-08-02T07:56:48.677Z] GET /api/notifications - Content-Length: 0 - IP: ::1
[2026-08-02T07:56:54.993Z] GET /api/payment/dashboard-stats - Content-Length: 0 - IP: ::1
[2026-08-02T07:56:56.275Z] GET /api/products - Content-Length: 0 - IP: ::1
[2026-08-02T07:56:57.036Z] GET /api/payment/orders - Content-Length: 0 - IP: ::1
[2026-08-02T07:57:03.684Z] GET /api/notifications - Content-Length: 0 - IP: ::1
[2026-08-02T07:57:18.796Z] GET /api/notifications - Content-Length: 0 - IP: ::1
[2026-08-02T07:57:33.787Z] GET /api/notifications - Content-Length: 0 - IP: ::1
[2026-08-02T07:57:48.794Z] GET /api/notifications - Content-Length: 0 - IP: ::1
[2026-08-02T07:58:03.795Z] GET /api/notifications - Content-Length: 0 - IP: ::1
[2026-08-02T07:58:18.799Z] GET /api/notifications - Content-Length: 0 - IP: ::1
[2026-08-02T07:58:38.451Z] GET /api/notifications - Content-Length: 0 - IP: ::1
[2026-08-02T07:58:48.790Z] GET /api/notifications - Content-Length: 0 - IP: ::1
[2026-08-02T07:59:03.795Z] GET /api/notifications - Content-Length: 0 - IP: ::1
[2026-08-02T07:59:05.020Z] GET /api/banners - Content-Length: 0 - IP: ::1
[2026-08-02T07:59:18.799Z] GET /api/notifications - Content-Length: 0 - IP: ::1
[2026-08-02T07:59:33.792Z] GET /api/notifications - Content-Length: 0 - IP: ::1
[2026-08-02T08:00:12.797Z] GET /api/notifications - Content-Length: 0 - IP: ::1
[2026-08-02T08:00:47.771Z] GET /api/notifications - Content-Length: 0 - IP: ::1
[2026-08-02T08:00:51.010Z] GET /api/notifications - Content-Length: 0 - IP: ::1
[2026-08-02T08:01:03.785Z] GET /api/notifications - Content-Length: 0 - IP: ::1
[2026-08-02T08:01:18.785Z] GET /api/notifications - Content-Length: 0 - IP: ::1
[2026-08-02T08:01:33.797Z] GET /api/notifications - Content-Length: 0 - IP: ::1
[2026-08-02T08:01:48.785Z] GET /api/notifications - Content-Length: 0 - IP: ::1
[2026-08-02T08:02:07.716Z] POST /api/banners - Content-Length: 668072 - IP: ::1
[2026-08-02T08:02:12.789Z] GET /api/notifications - Content-Length: 0 - IP: ::1
[2026-08-02T08:02:21.844Z] GET /api/notifications - Content-Length: 0 - IP: ::1
[2026-08-02T08:02:23.773Z] GET /api/banners/categories - Content-Length: 0 - IP: ::1
[2026-08-02T08:02:23.776Z] GET /api/banners - Content-Length: 0 - IP: ::1
[2026-08-02T08:02:23.778Z] GET /api/products - Content-Length: 0 - IP: ::1
[2026-08-02T08:02:29.203Z] GET /api/products - Content-Length: 0 - IP: ::1
[2026-08-02T08:02:29.209Z] GET /api/banners/categories - Content-Length: 0 - IP: ::1
[2026-08-02T08:02:29.211Z] GET /api/banners - Content-Length: 0 - IP: ::1
[2026-08-02T08:02:29.218Z] GET /api/auth/me - Content-Length: 0 - IP: ::1
[2026-08-02T08:02:29.495Z] GET /api/products - Content-Length: 0 - IP: ::1
[2026-08-02T08:02:29.536Z] GET /api/banners/categories - Content-Length: 0 - IP: ::1
[2026-08-02T08:02:29.785Z] GET /api/notifications - Content-Length: 0 - IP: ::1
[2026-08-02T08:02:44.788Z] GET /api/notifications - Content-Length: 0 - IP: ::1
[2026-08-02T08:02:55.227Z] GET /api/products - Content-Length: 0 - IP: ::1
[2026-08-02T08:02:55.239Z] GET /api/banners/categories - Content-Length: 0 - IP: ::1
[2026-08-02T08:02:55.245Z] GET /api/banners - Content-Length: 0 - IP: ::1
[2026-08-02T08:02:55.247Z] GET /api/auth/me - Content-Length: 0 - IP: ::1
[2026-08-02T08:02:55.528Z] GET /api/products - Content-Length: 0 - IP: ::1
[2026-08-02T08:02:55.815Z] GET /api/banners/categories - Content-Length: 0 - IP: ::1
[2026-08-02T08:02:56.397Z] GET /api/notifications - Content-Length: 0 - IP: ::1
[2026-08-02T08:03:11.400Z] GET /api/notifications - Content-Length: 0 - IP: ::1
[2026-08-02T08:03:26.402Z] GET /api/notifications - Content-Length: 0 - IP: ::1
[2026-08-02T08:03:41.403Z] GET /api/notifications - Content-Length: 0 - IP: ::1
[2026-08-02T08:03:53.690Z] GET /api/banners - Content-Length: 0 - IP: ::1
[2026-08-02T08:03:56.403Z] GET /api/notifications - Content-Length: 0 - IP: ::1
[2026-08-02T08:04:11.400Z] GET /api/notifications - Content-Length: 0 - IP: ::1
[2026-08-02T08:04:26.399Z] GET /api/notifications - Content-Length: 0 - IP: ::1
[2026-08-02T08:04:41.404Z] GET /api/notifications - Content-Length: 0 - IP: ::1
[2026-08-02T08:04:56.400Z] GET /api/notifications - Content-Length: 0 - IP: ::1
[2026-08-02T08:05:11.420Z] GET /api/notifications - Content-Length: 0 - IP: ::1
[2026-08-02T08:05:17.642Z] POST /api/banners - Content-Length: 781220 - IP: ::1
[2026-08-02T08:05:24.419Z] ❌ ERROR: Unexpected field
Stack: MulterError: Unexpected field
    at wrappedFileFilter (C:\Users\USER\OneDrive\Desktop\Devclothes\Backend\node_modules\multer\index.js:41:19)
    at Multipart.<anonymous> (C:\Users\USER\OneDrive\Desktop\Devclothes\Backend\node_modules\multer\lib\make-middleware.js:193:7)
    at Multipart.emit (node:events:509:28)
    at HeaderParser.cb (C:\Users\USER\OneDrive\Desktop\Devclothes\Backend\node_modules\busboy\lib\types\multipart.js:358:14)
    at HeaderParser.push (C:\Users\USER\OneDrive\Desktop\Devclothes\Backend\node_modules\busboy\lib\types\multipart.js:162:20)
    at SBMH.ssCb [as _cb] (C:\Users\USER\OneDrive\Desktop\Devclothes\Backend\node_modules\busboy\lib\types\multipart.js:394:37)
    at feed (C:\Users\USER\OneDrive\Desktop\Devclothes\Backend\node_modules\streamsearch\lib\sbmh.js:248:10)
    at SBMH.push (C:\Users\USER\OneDrive\Desktop\Devclothes\Backend\node_modules\streamsearch\lib\sbmh.js:104:16)
    at Multipart._write (C:\Users\USER\OneDrive\Desktop\Devclothes\Backend\node_modules\busboy\lib\types\multipart.js:567:19)
    at writeOrBuffer (node:internal/streams/writable:570:12)
[2026-08-02T08:05:26.408Z] GET /api/notifications - Content-Length: 0 - IP: ::1
[2026-08-02T08:05:41.396Z] GET /api/notifications - Content-Length: 0 - IP: ::1
[2026-08-02T08:05:56.396Z] GET /api/notifications - Content-Length: 0 - IP: ::1
[2026-08-02T08:05:56.493Z] GET /api/banners - Content-Length: 0 - IP: ::1
[2026-08-02T08:06:11.396Z] GET /api/notifications - Content-Length: 0 - IP: ::1
[2026-08-02T08:06:16.326Z] POST /api/banners - Content-Length: 781220 - IP: ::1
[2026-08-02T08:06:22.723Z] ❌ ERROR: Unexpected field
Stack: MulterError: Unexpected field
    at wrappedFileFilter (C:\Users\USER\OneDrive\Desktop\Devclothes\Backend\node_modules\multer\index.js:41:19)
    at Multipart.<anonymous> (C:\Users\USER\OneDrive\Desktop\Devclothes\Backend\node_modules\multer\lib\make-middleware.js:193:7)
    at Multipart.emit (node:events:509:28)
    at HeaderParser.cb (C:\Users\USER\OneDrive\Desktop\Devclothes\Backend\node_modules\busboy\lib\types\multipart.js:358:14)
    at HeaderParser.push (C:\Users\USER\OneDrive\Desktop\Devclothes\Backend\node_modules\busboy\lib\types\multipart.js:162:20)
    at SBMH.ssCb [as _cb] (C:\Users\USER\OneDrive\Desktop\Devclothes\Backend\node_modules\busboy\lib\types\multipart.js:394:37)
    at feed (C:\Users\USER\OneDrive\Desktop\Devclothes\Backend\node_modules\streamsearch\lib\sbmh.js:248:10)
    at SBMH.push (C:\Users\USER\OneDrive\Desktop\Devclothes\Backend\node_modules\streamsearch\lib\sbmh.js:104:16)
    at Multipart._write (C:\Users\USER\OneDrive\Desktop\Devclothes\Backend\node_modules\busboy\lib\types\multipart.js:567:19)
    at writeOrBuffer (node:internal/streams/writable:570:12)
[2026-08-02T08:06:26.408Z] GET /api/notifications - Content-Length: 0 - IP: ::1
[2026-08-02T08:06:41.399Z] GET /api/notifications - Content-Length: 0 - IP: ::1
[2026-08-02T08:06:41.867Z] DELETE /api/banners/5 - Content-Length: 0 - IP: ::1
[2026-08-02T08:06:56.402Z] GET /api/notifications - Content-Length: 0 - IP: ::1
[2026-08-02T08:06:57.225Z] GET /api/banners - Content-Length: 0 - IP: ::1
[2026-08-02T08:07:11.789Z] GET /api/notifications - Content-Length: 0 - IP: ::1
[2026-08-02T08:07:24.791Z] GET /api/banners/categories - Content-Length: 0 - IP: ::1
[2026-08-02T08:07:26.785Z] GET /api/notifications - Content-Length: 0 - IP: ::1
[2026-08-02T08:07:41.793Z] GET /api/notifications - Content-Length: 0 - IP: ::1
[2026-08-02T08:07:56.789Z] GET /api/notifications - Content-Length: 0 - IP: ::1
[2026-08-02T08:08:12.792Z] GET /api/notifications - Content-Length: 0 - IP: ::1
[2026-08-02T08:08:18.560Z] GET /api/products - Content-Length: 0 - IP: ::1
[2026-08-02T08:08:18.566Z] GET /api/banners/categories - Content-Length: 0 - IP: ::1
[2026-08-02T08:08:18.570Z] GET /api/auth/me - Content-Length: 0 - IP: ::1
[2026-08-02T08:08:18.577Z] GET /api/banners - Content-Length: 0 - IP: ::1
[2026-08-02T08:08:18.875Z] GET /api/products - Content-Length: 0 - IP: ::1
[2026-08-02T08:08:19.179Z] GET /api/banners/categories - Content-Length: 0 - IP: ::1
[2026-08-02T08:08:19.490Z] GET /api/notifications - Content-Length: 0 - IP: ::1
[2026-08-02T08:08:20.701Z] GET /api/banners/categories - Content-Length: 0 - IP: ::1
[2026-08-02T08:08:34.798Z] GET /api/notifications - Content-Length: 0 - IP: ::1
[2026-08-02T08:08:49.489Z] GET /api/notifications - Content-Length: 0 - IP: ::1
[2026-08-02T08:09:04.791Z] GET /api/notifications - Content-Length: 0 - IP: ::1
[2026-08-02T08:09:19.792Z] GET /api/notifications - Content-Length: 0 - IP: ::1
[2026-08-02T08:09:34.788Z] GET /api/notifications - Content-Length: 0 - IP: ::1
[2026-08-02T08:09:49.797Z] GET /api/notifications - Content-Length: 0 - IP: ::1
[2026-08-02T08:10:12.791Z] GET /api/notifications - Content-Length: 0 - IP: ::1
[2026-08-02T08:11:12.786Z] GET /api/notifications - Content-Length: 0 - IP: ::1
[2026-08-02T08:11:19.560Z] POST /api/payment/create-payment-intent - Content-Length: 165 - IP: ::1
[2026-08-02T08:11:58.788Z] POST /api/payment/create-payment-intent - Content-Length: 166 - IP: ::1
[2026-08-02T08:12:12.796Z] GET /api/notifications - Content-Length: 0 - IP: ::1
[2026-08-02T08:13:12.789Z] GET /api/notifications - Content-Length: 0 - IP: ::1
[2026-08-02T08:13:45.249Z] POST /api/payment/create-payment-intent - Content-Length: 164 - IP: ::1
[2026-08-02T08:14:12.782Z] GET /api/notifications - Content-Length: 0 - IP: ::1
[2026-08-02T08:15:00.195Z] GET /api/products?search= - Content-Length: 0 - IP: ::1
[2026-08-02T08:15:12.781Z] GET /api/notifications - Content-Length: 0 - IP: ::1
[2026-08-02T08:15:50.008Z] GET /api/products/10 - Content-Length: 0 - IP: ::1
[2026-08-02T08:16:12.801Z] GET /api/notifications - Content-Length: 0 - IP: ::1
[2026-08-02T08:16:27.114Z] POST /api/payment/create-payment-intent - Content-Length: 166 - IP: ::1
[2026-08-02T08:17:12.796Z] GET /api/notifications - Content-Length: 0 - IP: ::1
[2026-08-02T08:18:12.791Z] GET /api/notifications - Content-Length: 0 - IP: ::1
[2026-08-02T08:18:36.264Z] POST /api/payment/create-payment-intent - Content-Length: 173 - IP: ::1
[2026-08-02T08:19:12.789Z] GET /api/notifications - Content-Length: 0 - IP: ::1
[2026-08-02T08:20:12.806Z] GET /api/notifications - Content-Length: 0 - IP: ::1
[2026-08-02T08:20:32.066Z] GET /api/notifications - Content-Length: 0 - IP: ::1
[2026-08-02T08:20:35.254Z] GET /api/notifications - Content-Length: 0 - IP: ::1
[2026-08-02T08:20:49.789Z] GET /api/notifications - Content-Length: 0 - IP: ::1
[2026-08-02T08:21:04.793Z] GET /api/notifications - Content-Length: 0 - IP: ::1
[2026-08-02T08:21:19.791Z] GET /api/notifications - Content-Length: 0 - IP: ::1
[2026-08-02T08:21:34.798Z] GET /api/notifications - Content-Length: 0 - IP: ::1
[2026-08-02T08:22:12.791Z] GET /api/notifications - Content-Length: 0 - IP: ::1
[2026-08-02T08:23:12.787Z] GET /api/notifications - Content-Length: 0 - IP: ::1
[2026-08-02T08:24:12.799Z] GET /api/notifications - Content-Length: 0 - IP: ::1
[2026-08-02T08:25:12.791Z] GET /api/notifications - Content-Length: 0 - IP: ::1
[2026-08-02T08:26:12.868Z] GET /api/notifications - Content-Length: 0 - IP: ::1
[2026-08-02T08:27:12.805Z] GET /api/notifications - Content-Length: 0 - IP: ::1
[2026-08-02T08:28:12.800Z] GET /api/notifications - Content-Length: 0 - IP: ::1
[2026-08-02T08:29:12.794Z] GET /api/notifications - Content-Length: 0 - IP: ::1
[2026-08-02T08:30:12.800Z] GET /api/notifications - Content-Length: 0 - IP: ::1
[2026-08-02T08:31:12.794Z] GET /api/notifications - Content-Length: 0 - IP: ::1
[2026-08-02T08:32:12.796Z] GET /api/notifications - Content-Length: 0 - IP: ::1
[2026-08-02T08:33:12.798Z] GET /api/notifications - Content-Length: 0 - IP: ::1
[2026-08-02T08:33:19.495Z] GET /api/notifications - Content-Length: 0 - IP: ::1
[2026-08-02T08:33:21.501Z] GET /api/banners/categories - Content-Length: 0 - IP: ::1
[2026-08-02T08:33:21.509Z] GET /api/banners - Content-Length: 0 - IP: ::1
[2026-08-02T08:33:21.511Z] GET /api/products - Content-Length: 0 - IP: ::1
[2026-08-02T08:33:34.797Z] GET /api/notifications - Content-Length: 0 - IP: ::1
[2026-08-02T08:33:44.936Z] GET /api/products - Content-Length: 0 - IP: ::1
[2026-08-02T08:33:44.943Z] GET /api/banners/categories - Content-Length: 0 - IP: ::1
[2026-08-02T08:33:44.948Z] GET /api/auth/me - Content-Length: 0 - IP: ::1
[2026-08-02T08:33:45.839Z] GET /api/notifications - Content-Length: 0 - IP: ::1
[2026-08-02T08:33:47.037Z] GET /api/banners/categories - Content-Length: 0 - IP: ::1
[2026-08-02T08:33:47.039Z] GET /api/banners - Content-Length: 0 - IP: ::1
[2026-08-02T08:33:47.044Z] GET /api/products - Content-Length: 0 - IP: ::1
[2026-08-02T08:33:49.784Z] GET /api/notifications - Content-Length: 0 - IP: ::1
[2026-08-02T08:34:01.784Z] GET /api/notifications - Content-Length: 0 - IP: ::1
[2026-08-02T08:34:04.885Z] GET /api/notifications - Content-Length: 0 - IP: ::1
[2026-08-02T08:34:16.788Z] GET /api/notifications - Content-Length: 0 - IP: ::1
[2026-08-02T08:34:19.941Z] GET /api/notifications - Content-Length: 0 - IP: ::1
[2026-08-02T08:34:25.615Z] POST /api/payment/create-payment-intent - Content-Length: 173 - IP: ::1
[2026-08-02T08:34:29.795Z] POST /api/payment/webhook - Content-Length: 2401 - IP: ::1
[2026-08-02T08:34:31.787Z] GET /api/notifications - Content-Length: 0 - IP: ::1
[2026-08-02T08:34:34.797Z] GET /api/notifications - Content-Length: 0 - IP: ::1
[2026-08-02T08:34:41.530Z] GET /api/products - Content-Length: 0 - IP: ::1
[2026-08-02T08:34:41.535Z] GET /api/banners/categories - Content-Length: 0 - IP: ::1
[2026-08-02T08:34:41.539Z] GET /api/auth/me - Content-Length: 0 - IP: ::1
[2026-08-02T08:34:42.737Z] GET /api/notifications - Content-Length: 0 - IP: ::1
[2026-08-02T08:34:57.789Z] GET /api/notifications - Content-Length: 0 - IP: ::1
[2026-08-02T08:35:12.786Z] GET /api/notifications - Content-Length: 0 - IP: ::1
[2026-08-02T08:35:15.973Z] GET /api/notifications - Content-Length: 0 - IP: ::1
[2026-08-02T08:35:27.790Z] GET /api/notifications - Content-Length: 0 - IP: ::1
[2026-08-02T08:35:42.773Z] GET /api/notifications - Content-Length: 0 - IP: ::1
[2026-08-02T08:35:57.778Z] GET /api/notifications - Content-Length: 0 - IP: ::1
[2026-08-02T08:36:12.780Z] GET /api/notifications - Content-Length: 0 - IP: ::1
[2026-08-02T08:36:15.932Z] GET /api/notifications - Content-Length: 0 - IP: ::1
[2026-08-02T08:36:27.776Z] GET /api/notifications - Content-Length: 0 - IP: ::1
[2026-08-02T08:36:42.783Z] GET /api/notifications - Content-Length: 0 - IP: ::1
[2026-08-02T08:36:57.776Z] GET /api/notifications - Content-Length: 0 - IP: ::1
[2026-08-02T08:37:12.777Z] GET /api/notifications - Content-Length: 0 - IP: ::1
[2026-08-02T08:37:16.084Z] GET /api/notifications - Content-Length: 0 - IP: ::1
[2026-08-02T08:37:27.793Z] GET /api/notifications - Content-Length: 0 - IP: ::1
[2026-08-02T08:37:42.780Z] GET /api/notifications - Content-Length: 0 - IP: ::1
[2026-08-02T08:38:12.790Z] GET /api/notifications - Content-Length: 0 - IP: ::1
[2026-08-02T08:38:16.006Z] GET /api/notifications - Content-Length: 0 - IP: ::1
[2026-08-02T08:39:12.785Z] GET /api/notifications - Content-Length: 0 - IP: ::1
[2026-08-02T08:39:16.321Z] GET /api/notifications - Content-Length: 0 - IP: ::1
[2026-08-02T08:39:41.265Z] GET /api/notifications - Content-Length: 0 - IP: ::1
[2026-08-02T08:39:44.449Z] GET /api/notifications - Content-Length: 0 - IP: ::1
[2026-08-02T08:39:44.617Z] GET /api/payment/dashboard-stats - Content-Length: 0 - IP: ::1
[2026-08-02T08:39:46.357Z] GET /api/products - Content-Length: 0 - IP: ::1
[2026-08-02T08:39:47.721Z] GET /api/payment/orders - Content-Length: 0 - IP: ::1
[2026-08-02T08:39:50.069Z] GET /api/payment/dashboard-stats - Content-Length: 0 - IP: ::1
[2026-08-02T08:39:52.176Z] GET /api/payment/orders - Content-Length: 0 - IP: ::1
[2026-08-02T08:39:57.742Z] GET /api/notifications - Content-Length: 0 - IP: ::1
[2026-08-02T08:40:12.753Z] GET /api/notifications - Content-Length: 0 - IP: ::1
[2026-08-02T08:40:15.893Z] GET /api/notifications - Content-Length: 0 - IP: ::1
[2026-08-02T08:40:27.753Z] GET /api/notifications - Content-Length: 0 - IP: ::1
[2026-08-02T08:40:32.112Z] GET /api/products - Content-Length: 0 - IP: ::1
[2026-08-02T08:40:32.118Z] GET /api/banners/categories - Content-Length: 0 - IP: ::1
[2026-08-02T08:40:32.126Z] GET /api/auth/me - Content-Length: 0 - IP: ::1
[2026-08-02T08:40:32.994Z] GET /api/notifications - Content-Length: 0 - IP: ::1
[2026-08-02T08:40:32.997Z] GET /api/payment/dashboard-stats - Content-Length: 0 - IP: ::1
[2026-08-02T08:40:35.603Z] GET /api/payment/orders - Content-Length: 0 - IP: ::1
[2026-08-02T08:40:48.783Z] GET /api/notifications - Content-Length: 0 - IP: ::1
[2026-08-02T08:41:03.783Z] GET /api/notifications - Content-Length: 0 - IP: ::1
[2026-08-02T08:41:12.788Z] GET /api/notifications - Content-Length: 0 - IP: ::1
[2026-08-02T08:41:18.784Z] GET /api/notifications - Content-Length: 0 - IP: ::1
[2026-08-02T08:41:33.800Z] GET /api/notifications - Content-Length: 0 - IP: ::1
[2026-08-02T08:41:48.791Z] GET /api/notifications - Content-Length: 0 - IP: ::1
[2026-08-02T08:42:03.803Z] GET /api/notifications - Content-Length: 0 - IP: ::1
[2026-08-02T08:42:12.792Z] GET /api/notifications - Content-Length: 0 - IP: ::1
[2026-08-02T08:42:18.795Z] GET /api/notifications - Content-Length: 0 - IP: ::1
[2026-08-02T08:42:33.792Z] GET /api/notifications - Content-Length: 0 - IP: ::1
[2026-08-02T08:42:48.790Z] GET /api/notifications - Content-Length: 0 - IP: ::1
[2026-08-02T08:43:03.785Z] GET /api/notifications - Content-Length: 0 - IP: ::1
[2026-08-02T08:43:12.793Z] GET /api/notifications - Content-Length: 0 - IP: ::1
[2026-08-02T08:43:18.798Z] GET /api/notifications - Content-Length: 0 - IP: ::1
[2026-08-02T08:44:12.789Z] GET /api/notifications - Content-Length: 0 - IP: ::1
[2026-08-02T08:45:12.793Z] GET /api/notifications - Content-Length: 0 - IP: ::1
[2026-08-02T08:46:12.796Z] GET /api/notifications - Content-Length: 0 - IP: ::1
[2026-08-02T08:46:53.812Z] GET /api/products - Content-Length: 0 - IP: ::1
[2026-08-02T08:46:53.817Z] GET /api/banners/categories - Content-Length: 0 - IP: ::1
[2026-08-02T08:46:53.828Z] GET /api/banners - Content-Length: 0 - IP: ::1
[2026-08-02T08:46:53.830Z] GET /api/auth/me - Content-Length: 0 - IP: ::1
[2026-08-02T08:46:58.533Z] GET /api/products - Content-Length: 0 - IP: ::1
[2026-08-02T08:46:58.576Z] GET /api/banners/categories - Content-Length: 0 - IP: ::1
[2026-08-02T08:46:58.616Z] GET /api/notifications - Content-Length: 0 - IP: ::1
[2026-08-02T08:47:03.302Z] GET /api/payment/dashboard-stats - Content-Length: 0 - IP: ::1
[2026-08-02T08:47:04.670Z] GET /api/banners - Content-Length: 0 - IP: ::1
[2026-08-02T08:47:04.672Z] GET /api/banners/categories - Content-Length: 0 - IP: ::1
[2026-08-02T08:47:05.527Z] GET /api/payment/orders - Content-Length: 0 - IP: ::1
[2026-08-02T08:47:05.853Z] GET /api/products - Content-Length: 0 - IP: ::1
[2026-08-02T08:47:08.028Z] GET /api/payment/dashboard-stats - Content-Length: 0 - IP: ::1
[2026-08-02T08:47:10.484Z] GET /api/payment/orders - Content-Length: 0 - IP: ::1
[2026-08-02T08:47:12.787Z] GET /api/notifications - Content-Length: 0 - IP: ::1
[2026-08-02T08:47:13.749Z] GET /api/notifications - Content-Length: 0 - IP: ::1
[2026-08-02T08:47:28.630Z] GET /api/notifications - Content-Length: 0 - IP: ::1
[2026-08-02T08:47:43.792Z] GET /api/notifications - Content-Length: 0 - IP: ::1
[2026-08-02T08:47:58.790Z] GET /api/notifications - Content-Length: 0 - IP: ::1
[2026-08-02T08:48:12.786Z] GET /api/notifications - Content-Length: 0 - IP: ::1
[2026-08-02T08:48:13.789Z] GET /api/notifications - Content-Length: 0 - IP: ::1
[2026-08-02T08:48:28.796Z] GET /api/notifications - Content-Length: 0 - IP: ::1
[2026-08-02T08:49:12.789Z] GET /api/notifications - Content-Length: 0 - IP: ::1
[2026-08-02T08:49:15.961Z] GET /api/notifications - Content-Length: 0 - IP: ::1
[2026-08-02T08:50:12.789Z] GET /api/notifications - Content-Length: 0 - IP: ::1
[2026-08-02T08:50:16.226Z] GET /api/notifications - Content-Length: 0 - IP: ::1
[2026-08-02T08:51:09.269Z] GET /api/payment/order/4 - Content-Length: 0 - IP: ::1
[2026-08-02T08:51:12.789Z] GET /api/notifications - Content-Length: 0 - IP: ::1
[2026-08-02T08:51:13.393Z] GET /api/notifications - Content-Length: 0 - IP: ::1
[2026-08-02T08:52:12.786Z] GET /api/notifications - Content-Length: 0 - IP: ::1
[2026-08-02T08:52:16.676Z] GET /api/notifications - Content-Length: 0 - IP: ::1
[2026-08-02T08:53:12.794Z] GET /api/notifications - Content-Length: 0 - IP: ::1
[2026-08-02T08:53:16.847Z] GET /api/notifications - Content-Length: 0 - IP: ::1
[2026-08-02T08:53:46.986Z] GET /api/notifications - Content-Length: 0 - IP: ::1
[2026-08-02T08:53:58.801Z] GET /api/notifications - Content-Length: 0 - IP: ::1
[2026-08-02T08:54:12.786Z] GET /api/notifications - Content-Length: 0 - IP: ::1
[2026-08-02T08:54:16.060Z] GET /api/notifications - Content-Length: 0 - IP: ::1
[2026-08-02T08:54:19.437Z] POST /api/payment/webhook - Content-Length: 2426 - IP: ::1
[2026-08-02T08:54:19.576Z] POST /api/payment/webhook - Content-Length: 3797 - IP: ::1
[2026-08-02T08:54:22.147Z] POST /api/payment/webhook - Content-Length: 4022 - IP: ::1
[2026-08-02T08:54:28.781Z] GET /api/notifications - Content-Length: 0 - IP: ::1
[2026-08-02T08:54:43.793Z] GET /api/notifications - Content-Length: 0 - IP: ::1
[2026-08-02T08:54:58.608Z] GET /api/notifications - Content-Length: 0 - IP: ::1
[2026-08-02T08:55:01.037Z] GET /api/products - Content-Length: 0 - IP: ::1
[2026-08-02T08:55:01.041Z] GET /api/banners/categories - Content-Length: 0 - IP: ::1
[2026-08-02T08:55:01.049Z] GET /api/auth/me - Content-Length: 0 - IP: ::1
[2026-08-02T08:55:02.330Z] GET /api/notifications - Content-Length: 0 - IP: ::1
[2026-08-02T08:55:02.335Z] GET /api/payment/dashboard-stats - Content-Length: 0 - IP: ::1
[2026-08-02T08:55:05.095Z] GET /api/payment/orders - Content-Length: 0 - IP: ::1
[2026-08-02T08:55:12.783Z] GET /api/notifications - Content-Length: 0 - IP: ::1
[2026-08-02T08:55:13.421Z] GET /api/payment/order/4 - Content-Length: 0 - IP: ::1
[2026-08-02T08:55:17.334Z] GET /api/notifications - Content-Length: 0 - IP: ::1
[2026-08-02T08:55:32.336Z] GET /api/notifications - Content-Length: 0 - IP: ::1
[2026-08-02T08:55:47.339Z] GET /api/notifications - Content-Length: 0 - IP: ::1
[2026-08-02T08:55:54.547Z] GET /api/payment/my-orders - Content-Length: 0 - IP: ::1
[2026-08-02T08:56:02.340Z] GET /api/notifications - Content-Length: 0 - IP: ::1
[2026-08-02T08:56:12.792Z] GET /api/notifications - Content-Length: 0 - IP: ::1
[2026-08-02T08:56:17.340Z] GET /api/notifications - Content-Length: 0 - IP: ::1
[2026-08-02T08:56:32.341Z] GET /api/notifications - Content-Length: 0 - IP: ::1
[2026-08-02T08:56:47.340Z] GET /api/notifications - Content-Length: 0 - IP: ::1
[2026-08-02T08:56:51.072Z] GET /api/payment/orders - Content-Length: 0 - IP: ::1
[2026-08-02T08:57:02.338Z] GET /api/notifications - Content-Length: 0 - IP: ::1
[2026-08-02T08:57:12.787Z] GET /api/notifications - Content-Length: 0 - IP: ::1
[2026-08-02T08:57:17.340Z] GET /api/notifications - Content-Length: 0 - IP: ::1
[2026-08-02T08:57:23.771Z] GET /api/payment/dashboard-stats - Content-Length: 0 - IP: ::1
[2026-08-02T08:57:32.348Z] GET /api/notifications - Content-Length: 0 - IP: ::1
[2026-08-02T08:57:47.339Z] GET /api/notifications - Content-Length: 0 - IP: ::1
[2026-08-02T08:58:02.789Z] GET /api/notifications - Content-Length: 0 - IP: ::1
[2026-08-02T08:58:12.796Z] GET /api/notifications - Content-Length: 0 - IP: ::1
[2026-08-02T08:58:17.785Z] GET /api/notifications - Content-Length: 0 - IP: ::1
[2026-08-02T08:58:32.796Z] GET /api/notifications - Content-Length: 0 - IP: ::1
[2026-08-02T08:58:47.785Z] GET /api/notifications - Content-Length: 0 - IP: ::1
[2026-08-02T08:58:56.556Z] GET /api/notifications - Content-Length: 0 - IP: ::1
[2026-08-02T08:59:12.797Z] GET /api/notifications - Content-Length: 0 - IP: ::1
[2026-08-02T08:59:16.054Z] GET /api/notifications - Content-Length: 0 - IP: ::1
[2026-08-02T08:59:18.712Z] PUT /api/notifications/read-all - Content-Length: 0 - IP: ::1
[2026-08-02T08:59:33.645Z] PUT /api/notifications/1/read - Content-Length: 0 - IP: ::1
[2026-08-02T08:59:52.276Z] GET /api/notifications - Content-Length: 0 - IP: ::1
[2026-08-02T09:00:02.348Z] GET /api/notifications - Content-Length: 0 - IP: ::1
[2026-08-02T09:00:05.412Z] DELETE /api/notifications/1 - Content-Length: 0 - IP: ::1
[2026-08-02T09:00:12.785Z] GET /api/notifications - Content-Length: 0 - IP: ::1
[2026-08-02T09:00:15.722Z] GET /api/products - Content-Length: 0 - IP: ::1
[2026-08-02T09:00:15.733Z] GET /api/auth/me - Content-Length: 0 - IP: ::1
[2026-08-02T09:00:15.742Z] GET /api/banners/categories - Content-Length: 0 - IP: ::1
[2026-08-02T09:00:16.311Z] GET /api/notifications - Content-Length: 0 - IP: ::1
[2026-08-02T09:00:16.315Z] GET /api/payment/dashboard-stats - Content-Length: 0 - IP: ::1
[2026-08-02T09:00:19.378Z] GET /api/payment/orders - Content-Length: 0 - IP: ::1
[2026-08-02T09:00:31.796Z] GET /api/notifications - Content-Length: 0 - IP: ::1
[2026-08-02T09:00:46.790Z] GET /api/notifications - Content-Length: 0 - IP: ::1
[2026-08-02T09:01:01.790Z] GET /api/notifications - Content-Length: 0 - IP: ::1
[2026-08-02T09:01:12.798Z] GET /api/notifications - Content-Length: 0 - IP: ::1
[2026-08-02T09:01:16.787Z] GET /api/notifications - Content-Length: 0 - IP: ::1
[2026-08-02T09:01:31.796Z] GET /api/notifications - Content-Length: 0 - IP: ::1
[2026-08-02T09:01:46.790Z] GET /api/notifications - Content-Length: 0 - IP: ::1
[2026-08-02T09:02:12.788Z] GET /api/notifications - Content-Length: 0 - IP: ::1
[2026-08-02T09:02:17.172Z] GET /api/notifications - Content-Length: 0 - IP: ::1
[2026-08-02T09:03:12.791Z] GET /api/notifications - Content-Length: 0 - IP: ::1
[2026-08-02T09:03:16.137Z] GET /api/notifications - Content-Length: 0 - IP: ::1
[2026-08-02T09:04:12.798Z] GET /api/notifications - Content-Length: 0 - IP: ::1
[2026-08-02T09:05:12.789Z] GET /api/notifications - Content-Length: 0 - IP: ::1
[2026-08-02T09:07:12.792Z] GET /api/notifications - Content-Length: 0 - IP: ::1
[2026-08-02T09:09:53.655Z] GET /api/health - Content-Length: 0 - IP: ::ffff:127.0.0.1
[2026-08-02T09:10:12.799Z] GET /api/notifications - Content-Length: 0 - IP: ::1
[2026-08-02T09:11:12.787Z] GET /api/notifications - Content-Length: 0 - IP: ::1
[2026-08-02T09:12:26.007Z] GET /api/health - Content-Length: 0 - IP: ::ffff:127.0.0.1
[2026-08-02T09:13:12.783Z] GET /api/notifications - Content-Length: 0 - IP: ::1
[2026-08-02T09:13:57.414Z] GET /api/health - Content-Length: 0 - IP: ::ffff:127.0.0.1
[2026-08-02T09:14:12.790Z] GET /api/notifications - Content-Length: 0 - IP: ::1
[2026-08-02T09:15:12.789Z] GET /api/notifications - Content-Length: 0 - IP: ::1
[2026-08-02T09:16:12.793Z] GET /api/notifications - Content-Length: 0 - IP: ::1
[2026-08-02T09:16:54.455Z] GET /api/health - Content-Length: 0 - IP: ::ffff:127.0.0.1
[2026-08-02T09:17:12.802Z] GET /api/notifications - Content-Length: 0 - IP: ::1
[2026-08-02T09:18:20.749Z] POST /api/auth/login - Content-Length: 65 - IP: ::ffff:127.0.0.1
[2026-08-02T09:18:21.175Z] POST /api/auth/login - Content-Length: 68 - IP: ::ffff:127.0.0.1
[2026-08-02T09:18:21.585Z] GET /api/auth/me - Content-Length: 0 - IP: ::ffff:127.0.0.1
[2026-08-02T09:18:21.613Z] POST /api/auth/login - Content-Length: 65 - IP: ::ffff:127.0.0.1
[2026-08-02T09:18:22.015Z] GET /api/auth/me - Content-Length: 0 - IP: ::ffff:127.0.0.1
[2026-08-02T09:18:23.715Z] GET /api/health - Content-Length: 0 - IP: ::ffff:127.0.0.1
[2026-08-02T09:19:12.797Z] GET /api/notifications - Content-Length: 0 - IP: ::1
[2026-08-02T09:20:12.802Z] GET /api/notifications - Content-Length: 0 - IP: ::1
[2026-08-02T09:21:12.790Z] GET /api/notifications - Content-Length: 0 - IP: ::1
[2026-08-02T09:22:12.777Z] GET /api/notifications - Content-Length: 0 - IP: ::1
[2026-08-02T09:23:12.790Z] GET /api/notifications - Content-Length: 0 - IP: ::1
[2026-08-02T09:24:12.798Z] GET /api/notifications - Content-Length: 0 - IP: ::1
[2026-08-02T09:25:12.865Z] GET /api/notifications - Content-Length: 0 - IP: ::1
[2026-08-02T09:26:12.794Z] GET /api/notifications - Content-Length: 0 - IP: ::1
[2026-08-02T09:27:12.784Z] GET /api/notifications - Content-Length: 0 - IP: ::1
[2026-08-02T09:28:12.794Z] GET /api/notifications - Content-Length: 0 - IP: ::1
[2026-08-02T09:29:12.795Z] GET /api/notifications - Content-Length: 0 - IP: ::1
[2026-08-02T09:30:12.791Z] GET /api/notifications - Content-Length: 0 - IP: ::1
[2026-08-02T09:31:12.793Z] GET /api/notifications - Content-Length: 0 - IP: ::1
[2026-08-02T09:32:12.793Z] GET /api/notifications - Content-Length: 0 - IP: ::1
[2026-08-04T08:58:37.650Z] GET /api/products - Content-Length: 0 - IP: ::1
[2026-08-04T08:58:37.664Z] GET /api/banners/categories - Content-Length: 0 - IP: ::1
[2026-08-04T08:58:37.668Z] GET /api/banners - Content-Length: 0 - IP: ::1
[2026-08-04T08:58:37.672Z] GET /api/auth/me - Content-Length: 0 - IP: ::1
[2026-08-04T08:58:38.362Z] GET /api/products - Content-Length: 0 - IP: ::1
[2026-08-04T08:58:38.747Z] GET /api/banners/categories - Content-Length: 0 - IP: ::1
[2026-08-04T08:58:40.187Z] GET /api/products/winter-01 - Content-Length: 0 - IP: ::1
[2026-08-04T08:58:41.415Z] OPTIONS /api/products/sync-stock - Content-Length: 0 - IP: ::1
[2026-08-04T08:58:41.420Z] POST /api/products/sync-stock - Content-Length: 12 - IP: ::1
[2026-08-04T08:58:52.455Z] GET /api/products - Content-Length: 0 - IP: ::1
[2026-08-04T08:58:52.459Z] GET /api/banners/categories - Content-Length: 0 - IP: ::1
[2026-08-04T08:58:52.462Z] GET /api/banners/categories - Content-Length: 0 - IP: ::1
[2026-08-04T08:58:52.467Z] GET /api/banners - Content-Length: 0 - IP: ::1
[2026-08-04T08:58:52.470Z] GET /api/products - Content-Length: 0 - IP: ::1
[2026-08-04T08:58:52.475Z] GET /api/auth/me - Content-Length: 0 - IP: ::1
[2026-08-04T08:58:55.578Z] GET /api/products/winter-01 - Content-Length: 0 - IP: ::1
[2026-08-04T08:58:56.929Z] GET /api/products - Content-Length: 0 - IP: ::ffff:127.0.0.1
[2026-08-04T08:58:56.933Z] GET /api/banners/categories - Content-Length: 0 - IP: ::ffff:127.0.0.1
[2026-08-04T08:58:56.936Z] GET /api/banners - Content-Length: 0 - IP: ::ffff:127.0.0.1
[2026-08-04T08:58:56.939Z] GET /api/auth/me - Content-Length: 0 - IP: ::ffff:127.0.0.1
[2026-08-04T08:58:57.265Z] GET /api/banners/categories - Content-Length: 0 - IP: ::ffff:127.0.0.1
[2026-08-04T08:58:57.268Z] GET /api/products - Content-Length: 0 - IP: ::ffff:127.0.0.1
[2026-08-04T08:58:57.721Z] OPTIONS /api/products/sync-stock - Content-Length: 0 - IP: ::1
[2026-08-04T08:58:57.724Z] POST /api/products/sync-stock - Content-Length: 12 - IP: ::1
[2026-08-04T08:58:58.709Z] GET /api/products/winter-01 - Content-Length: 0 - IP: ::ffff:127.0.0.1
[2026-08-04T08:59:01.272Z] OPTIONS /api/products/sync-stock - Content-Length: 0 - IP: ::ffff:127.0.0.1
[2026-08-04T08:59:01.278Z] POST /api/products/sync-stock - Content-Length: 12 - IP: ::ffff:127.0.0.1
[2026-08-04T08:59:29.362Z] GET /api/banners/categories - Content-Length: 0 - IP: ::1
[2026-08-04T08:59:30.810Z] GET /api/banners/categories - Content-Length: 0 - IP: ::1
[2026-08-04T08:59:30.818Z] GET /api/products - Content-Length: 0 - IP: ::1
[2026-08-04T08:59:30.831Z] GET /api/banners - Content-Length: 0 - IP: ::1
[2026-08-04T08:59:30.844Z] GET /api/auth/me - Content-Length: 0 - IP: ::1
[2026-08-04T08:59:32.545Z] GET /api/banners/categories - Content-Length: 0 - IP: ::1
[2026-08-04T08:59:32.830Z] GET /api/products - Content-Length: 0 - IP: ::1
[2026-08-04T08:59:33.424Z] GET /api/notifications - Content-Length: 0 - IP: ::1
[2026-08-04T08:59:48.809Z] GET /api/notifications - Content-Length: 0 - IP: ::1
[2026-08-04T09:00:06.191Z] GET /api/products - Content-Length: 0 - IP: ::1
[2026-08-04T09:00:06.270Z] GET /api/banners/categories - Content-Length: 0 - IP: ::1
[2026-08-04T09:00:06.318Z] GET /api/banners - Content-Length: 0 - IP: ::1
[2026-08-04T09:00:06.320Z] GET /api/auth/me - Content-Length: 0 - IP: ::1
[2026-08-04T09:00:07.584Z] GET /api/notifications - Content-Length: 0 - IP: ::1
[2026-08-04T09:00:09.130Z] GET /api/products - Content-Length: 0 - IP: ::1
[2026-08-04T09:00:09.240Z] GET /api/banners/categories - Content-Length: 0 - IP: ::1
[2026-08-04T09:00:09.764Z] GET /api/products/winter-01 - Content-Length: 0 - IP: ::1
[2026-08-04T09:00:10.541Z] OPTIONS /api/products/sync-stock - Content-Length: 0 - IP: ::1
[2026-08-04T09:00:10.549Z] POST /api/products/sync-stock - Content-Length: 12 - IP: ::1
[2026-08-04T09:00:18.820Z] GET /api/notifications - Content-Length: 0 - IP: ::1
[2026-08-04T09:00:33.814Z] GET /api/notifications - Content-Length: 0 - IP: ::1
[2026-08-04T09:00:48.808Z] GET /api/notifications - Content-Length: 0 - IP: ::1
[2026-08-04T09:01:03.816Z] GET /api/notifications - Content-Length: 0 - IP: ::1
[2026-08-04T09:01:48.816Z] GET /api/notifications - Content-Length: 0 - IP: ::1
[2026-08-04T09:02:38.266Z] GET /api/products - Content-Length: 0 - IP: ::1
[2026-08-04T09:02:38.268Z] GET /api/banners/categories - Content-Length: 0 - IP: ::1
[2026-08-04T09:02:38.271Z] GET /api/banners - Content-Length: 0 - IP: ::1
[2026-08-04T09:02:38.275Z] GET /api/auth/me - Content-Length: 0 - IP: ::1
[2026-08-04T09:02:41.103Z] GET /api/products - Content-Length: 0 - IP: ::1
[2026-08-04T09:02:41.142Z] GET /api/banners/categories - Content-Length: 0 - IP: ::1
[2026-08-04T09:02:41.928Z] GET /api/products/winter-01 - Content-Length: 0 - IP: ::1
[2026-08-04T09:02:42.899Z] OPTIONS /api/products/sync-stock - Content-Length: 0 - IP: ::1
[2026-08-04T09:02:42.903Z] POST /api/products/sync-stock - Content-Length: 12 - IP: ::1
[2026-08-04T09:02:48.836Z] GET /api/notifications - Content-Length: 0 - IP: ::1
[2026-08-04T09:02:50.882Z] GET /api/products - Content-Length: 0 - IP: ::1
[2026-08-04T09:02:50.886Z] GET /api/banners/categories - Content-Length: 0 - IP: ::1
[2026-08-04T09:02:50.894Z] GET /api/banners/categories - Content-Length: 0 - IP: ::1
[2026-08-04T09:02:50.907Z] GET /api/banners - Content-Length: 0 - IP: ::1
[2026-08-04T09:02:50.909Z] GET /api/products - Content-Length: 0 - IP: ::1
[2026-08-04T09:02:50.911Z] GET /api/auth/me - Content-Length: 0 - IP: ::1
[2026-08-04T09:02:54.781Z] GET /api/products - Content-Length: 0 - IP: ::ffff:127.0.0.1
[2026-08-04T09:02:54.785Z] GET /api/banners/categories - Content-Length: 0 - IP: ::ffff:127.0.0.1
[2026-08-04T09:02:54.798Z] GET /api/banners - Content-Length: 0 - IP: ::ffff:127.0.0.1
[2026-08-04T09:02:54.808Z] GET /api/auth/me - Content-Length: 0 - IP: ::ffff:127.0.0.1
[2026-08-04T09:02:55.108Z] GET /api/products - Content-Length: 0 - IP: ::ffff:127.0.0.1
[2026-08-04T09:02:55.196Z] GET /api/banners/categories - Content-Length: 0 - IP: ::ffff:127.0.0.1
[2026-08-04T09:02:55.417Z] GET /api/products/winter-01 - Content-Length: 0 - IP: ::1
[2026-08-04T09:02:56.685Z] GET /api/products/winter-01 - Content-Length: 0 - IP: ::ffff:127.0.0.1
[2026-08-04T09:02:57.568Z] OPTIONS /api/products/sync-stock - Content-Length: 0 - IP: ::1
[2026-08-04T09:02:57.570Z] POST /api/products/sync-stock - Content-Length: 12 - IP: ::1
[2026-08-04T09:02:58.783Z] OPTIONS /api/products/sync-stock - Content-Length: 0 - IP: ::ffff:127.0.0.1
[2026-08-04T09:02:58.789Z] POST /api/products/sync-stock - Content-Length: 12 - IP: ::ffff:127.0.0.1
[2026-08-04T09:03:03.817Z] GET /api/notifications - Content-Length: 0 - IP: ::1
[2026-08-04T09:03:18.813Z] GET /api/notifications - Content-Length: 0 - IP: ::1
[2026-08-04T09:03:33.806Z] GET /api/notifications - Content-Length: 0 - IP: ::1
[2026-08-04T09:03:48.808Z] GET /api/notifications - Content-Length: 0 - IP: ::1
[2026-08-04T09:04:48.811Z] GET /api/notifications - Content-Length: 0 - IP: ::1
[2026-08-04T09:05:48.812Z] GET /api/notifications - Content-Length: 0 - IP: ::1
[2026-08-04T09:06:48.806Z] GET /api/notifications - Content-Length: 0 - IP: ::1
[2026-08-04T09:07:48.805Z] GET /api/notifications - Content-Length: 0 - IP: ::1
[2026-08-04T09:08:20.053Z] GET /api/products - Content-Length: 0 - IP: ::1
[2026-08-04T09:08:20.056Z] GET /api/banners/categories - Content-Length: 0 - IP: ::1
[2026-08-04T09:08:20.058Z] GET /api/auth/me - Content-Length: 0 - IP: ::1
[2026-08-04T09:08:20.060Z] GET /api/banners - Content-Length: 0 - IP: ::1
[2026-08-04T09:08:23.433Z] GET /api/products - Content-Length: 0 - IP: ::1
[2026-08-04T09:08:23.543Z] GET /api/banners/categories - Content-Length: 0 - IP: ::1
[2026-08-04T09:08:24.860Z] GET /api/products/winter-01 - Content-Length: 0 - IP: ::1
[2026-08-04T09:08:25.928Z] OPTIONS /api/products/sync-stock - Content-Length: 0 - IP: ::1
[2026-08-04T09:08:25.931Z] POST /api/products/sync-stock - Content-Length: 12 - IP: ::1
[2026-08-04T09:08:35.895Z] GET /api/products - Content-Length: 0 - IP: ::1
[2026-08-04T09:08:35.897Z] GET /api/banners/categories - Content-Length: 0 - IP: ::1
[2026-08-04T09:08:35.899Z] GET /api/banners/categories - Content-Length: 0 - IP: ::1
[2026-08-04T09:08:35.901Z] GET /api/banners - Content-Length: 0 - IP: ::1
[2026-08-04T09:08:35.903Z] GET /api/products - Content-Length: 0 - IP: ::1
[2026-08-04T09:08:35.905Z] GET /api/auth/me - Content-Length: 0 - IP: ::1
[2026-08-04T09:08:39.592Z] GET /api/products/winter-01 - Content-Length: 0 - IP: ::1
[2026-08-04T09:08:40.952Z] OPTIONS /api/products/sync-stock - Content-Length: 0 - IP: ::1
[2026-08-04T09:08:40.954Z] POST /api/products/sync-stock - Content-Length: 12 - IP: ::1
[2026-08-04T09:08:42.003Z] GET /api/products - Content-Length: 0 - IP: ::ffff:127.0.0.1
[2026-08-04T09:08:42.006Z] GET /api/banners/categories - Content-Length: 0 - IP: ::ffff:127.0.0.1
[2026-08-04T09:08:42.009Z] GET /api/banners - Content-Length: 0 - IP: ::ffff:127.0.0.1
[2026-08-04T09:08:42.011Z] GET /api/auth/me - Content-Length: 0 - IP: ::ffff:127.0.0.1
[2026-08-04T09:08:42.314Z] GET /api/products - Content-Length: 0 - IP: ::ffff:127.0.0.1
[2026-08-04T09:08:42.316Z] GET /api/banners/categories - Content-Length: 0 - IP: ::ffff:127.0.0.1
[2026-08-04T09:08:43.551Z] GET /api/products/winter-01 - Content-Length: 0 - IP: ::ffff:127.0.0.1
[2026-08-04T09:08:44.312Z] OPTIONS /api/products/sync-stock - Content-Length: 0 - IP: ::ffff:127.0.0.1
[2026-08-04T09:08:44.335Z] POST /api/products/sync-stock - Content-Length: 12 - IP: ::ffff:127.0.0.1
[2026-08-04T09:08:48.816Z] GET /api/notifications - Content-Length: 0 - IP: ::1
[2026-08-04T09:09:49.968Z] GET /api/products - Content-Length: 0 - IP: ::1
[2026-08-04T09:09:49.973Z] GET /api/banners/categories - Content-Length: 0 - IP: ::1
[2026-08-04T09:09:49.978Z] GET /api/banners - Content-Length: 0 - IP: ::1
[2026-08-04T09:09:49.984Z] GET /api/auth/me - Content-Length: 0 - IP: ::1
[2026-08-04T09:09:51.423Z] GET /api/notifications - Content-Length: 0 - IP: ::1
[2026-08-04T09:09:57.067Z] GET /api/products - Content-Length: 0 - IP: ::1
[2026-08-04T09:09:57.249Z] GET /api/banners/categories - Content-Length: 0 - IP: ::1
[2026-08-04T09:09:58.275Z] GET /api/products/winter-01 - Content-Length: 0 - IP: ::1
[2026-08-04T09:09:58.747Z] GET /api/products - Content-Length: 0 - IP: ::ffff:127.0.0.1
[2026-08-04T09:09:58.755Z] GET /api/banners/categories - Content-Length: 0 - IP: ::ffff:127.0.0.1
[2026-08-04T09:09:58.762Z] GET /api/banners - Content-Length: 0 - IP: ::ffff:127.0.0.1
[2026-08-04T09:09:58.772Z] GET /api/auth/me - Content-Length: 0 - IP: ::ffff:127.0.0.1
[2026-08-04T09:09:59.066Z] GET /api/products - Content-Length: 0 - IP: ::ffff:127.0.0.1
[2026-08-04T09:09:59.076Z] GET /api/banners/categories - Content-Length: 0 - IP: ::ffff:127.0.0.1
[2026-08-04T09:09:59.305Z] OPTIONS /api/products/sync-stock - Content-Length: 0 - IP: ::1
[2026-08-04T09:09:59.308Z] POST /api/products/sync-stock - Content-Length: 12 - IP: ::1
[2026-08-04T09:10:00.371Z] GET /api/products/winter-01 - Content-Length: 0 - IP: ::ffff:127.0.0.1
[2026-08-04T09:10:01.719Z] OPTIONS /api/products/sync-stock - Content-Length: 0 - IP: ::ffff:127.0.0.1
[2026-08-04T09:10:01.728Z] POST /api/products/sync-stock - Content-Length: 12 - IP: ::ffff:127.0.0.1
[2026-08-04T09:10:08.781Z] GET /api/products - Content-Length: 0 - IP: ::1
[2026-08-04T09:10:08.782Z] GET /api/banners/categories - Content-Length: 0 - IP: ::1
[2026-08-04T09:10:08.784Z] GET /api/banners/categories - Content-Length: 0 - IP: ::1
[2026-08-04T09:10:08.786Z] GET /api/banners - Content-Length: 0 - IP: ::1
[2026-08-04T09:10:08.788Z] GET /api/products - Content-Length: 0 - IP: ::1
[2026-08-04T09:10:08.790Z] GET /api/auth/me - Content-Length: 0 - IP: ::1
[2026-08-04T09:10:13.318Z] GET /api/products/winter-01 - Content-Length: 0 - IP: ::1
[2026-08-04T09:10:15.056Z] OPTIONS /api/products/sync-stock - Content-Length: 0 - IP: ::1
[2026-08-04T09:10:15.059Z] POST /api/products/sync-stock - Content-Length: 12 - IP: ::1
[2026-08-04T09:10:48.808Z] GET /api/notifications - Content-Length: 0 - IP: ::1
[2026-08-04T09:11:48.818Z] GET /api/notifications - Content-Length: 0 - IP: ::1
[2026-08-04T09:12:48.819Z] GET /api/notifications - Content-Length: 0 - IP: ::1
[2026-08-04T09:13:48.807Z] GET /api/notifications - Content-Length: 0 - IP: ::1
[2026-08-04T09:14:48.818Z] GET /api/notifications - Content-Length: 0 - IP: ::1
[2026-08-04T09:15:46.684Z] GET /api/products - Content-Length: 0 - IP: ::1
[2026-08-04T09:15:46.688Z] GET /api/banners/categories - Content-Length: 0 - IP: ::1
[2026-08-04T09:15:46.694Z] GET /api/banners - Content-Length: 0 - IP: ::1
[2026-08-04T09:15:46.702Z] GET /api/auth/me - Content-Length: 0 - IP: ::1
[2026-08-04T09:15:47.760Z] GET /api/products - Content-Length: 0 - IP: ::1
[2026-08-04T09:15:47.766Z] GET /api/banners/categories - Content-Length: 0 - IP: ::1
[2026-08-04T09:15:47.770Z] GET /api/auth/me - Content-Length: 0 - IP: ::1
[2026-08-04T09:15:48.067Z] GET /api/products - Content-Length: 0 - IP: ::1
[2026-08-04T09:15:48.082Z] GET /api/banners/categories - Content-Length: 0 - IP: ::1
[2026-08-04T09:15:48.098Z] GET /api/banners - Content-Length: 0 - IP: ::1
[2026-08-04T09:15:48.118Z] GET /api/auth/me - Content-Length: 0 - IP: ::1
[2026-08-04T09:15:48.712Z] GET /api/products - Content-Length: 0 - IP: ::1
[2026-08-04T09:15:48.714Z] GET /api/banners/categories - Content-Length: 0 - IP: ::1
[2026-08-04T09:15:48.726Z] GET /api/auth/me - Content-Length: 0 - IP: ::1
[2026-08-04T09:15:49.529Z] GET /api/notifications - Content-Length: 0 - IP: ::1
[2026-08-04T09:15:49.712Z] GET /api/banners/categories - Content-Length: 0 - IP: ::1
[2026-08-04T09:15:49.713Z] GET /api/products - Content-Length: 0 - IP: ::1
[2026-08-04T09:15:50.047Z] GET /api/products - Content-Length: 0 - IP: ::1
[2026-08-04T09:15:50.148Z] GET /api/banners/categories - Content-Length: 0 - IP: ::1
[2026-08-04T09:15:50.149Z] GET /api/banners - Content-Length: 0 - IP: ::1
[2026-08-04T09:15:50.168Z] GET /api/products - Content-Length: 0 - IP: ::1
[2026-08-04T09:15:50.590Z] GET /api/banners/categories - Content-Length: 0 - IP: ::1
[2026-08-04T09:15:50.724Z] GET /api/banners/categories - Content-Length: 0 - IP: ::1
[2026-08-04T09:15:50.739Z] GET /api/banners - Content-Length: 0 - IP: ::1
[2026-08-04T09:15:50.752Z] GET /api/products - Content-Length: 0 - IP: ::1
[2026-08-04T09:15:51.233Z] OPTIONS /api/auth/register - Content-Length: 0 - IP: ::1
[2026-08-04T09:15:51.242Z] POST /api/auth/register - Content-Length: 72 - IP: ::1
[2026-08-04T09:15:51.534Z] GET /api/products/winter-01 - Content-Length: 0 - IP: ::1
[2026-08-04T09:15:52.268Z] OPTIONS /api/products/sync-stock - Content-Length: 0 - IP: ::1
[2026-08-04T09:15:52.273Z] POST /api/products/sync-stock - Content-Length: 12 - IP: ::1
[2026-08-04T09:15:52.578Z] POST /api/auth/logout - Content-Length: 0 - IP: ::1
[2026-08-04T09:16:03.511Z] GET /api/products - Content-Length: 0 - IP: ::ffff:127.0.0.1
[2026-08-04T09:16:03.516Z] GET /api/banners/categories - Content-Length: 0 - IP: ::ffff:127.0.0.1
[2026-08-04T09:16:03.537Z] GET /api/auth/me - Content-Length: 0 - IP: ::ffff:127.0.0.1
[2026-08-04T09:16:04.188Z] GET /api/products - Content-Length: 0 - IP: ::ffff:127.0.0.1
[2026-08-04T09:16:04.191Z] GET /api/auth/me - Content-Length: 0 - IP: ::ffff:127.0.0.1
[2026-08-04T09:16:04.193Z] GET /api/banners - Content-Length: 0 - IP: ::ffff:127.0.0.1
[2026-08-04T09:16:04.195Z] GET /api/banners/categories - Content-Length: 0 - IP: ::ffff:127.0.0.1
[2026-08-04T09:16:04.527Z] GET /api/products - Content-Length: 0 - IP: ::ffff:127.0.0.1
[2026-08-04T09:16:04.529Z] GET /api/banners - Content-Length: 0 - IP: ::ffff:127.0.0.1
[2026-08-04T09:16:04.531Z] GET /api/banners/categories - Content-Length: 0 - IP: ::ffff:127.0.0.1
[2026-08-04T09:16:04.533Z] GET /api/auth/me - Content-Length: 0 - IP: ::ffff:127.0.0.1
[2026-08-04T09:16:06.655Z] GET /api/products - Content-Length: 0 - IP: ::ffff:127.0.0.1
[2026-08-04T09:16:07.051Z] GET /api/products - Content-Length: 0 - IP: ::ffff:127.0.0.1
[2026-08-04T09:16:07.110Z] GET /api/banners/categories - Content-Length: 0 - IP: ::ffff:127.0.0.1
[2026-08-04T09:16:07.216Z] GET /api/banners/categories - Content-Length: 0 - IP: ::ffff:127.0.0.1
[2026-08-04T09:16:08.494Z] GET /api/products/winter-01 - Content-Length: 0 - IP: ::ffff:127.0.0.1
[2026-08-04T09:16:10.510Z] OPTIONS /api/auth/register - Content-Length: 0 - IP: ::ffff:127.0.0.1
[2026-08-04T09:16:10.514Z] POST /api/auth/register - Content-Length: 72 - IP: ::ffff:127.0.0.1
[2026-08-04T09:16:11.114Z] OPTIONS /api/products/sync-stock - Content-Length: 0 - IP: ::ffff:127.0.0.1
[2026-08-04T09:16:11.118Z] POST /api/products/sync-stock - Content-Length: 12 - IP: ::ffff:127.0.0.1
[2026-08-04T09:16:12.045Z] POST /api/auth/logout - Content-Length: 0 - IP: ::ffff:127.0.0.1
[2026-08-04T09:16:16.407Z] GET /api/products - Content-Length: 0 - IP: ::ffff:127.0.0.1
[2026-08-04T09:16:16.408Z] GET /api/banners/categories - Content-Length: 0 - IP: ::ffff:127.0.0.1
[2026-08-04T09:16:16.412Z] GET /api/auth/me - Content-Length: 0 - IP: ::ffff:127.0.0.1
[2026-08-04T09:16:18.823Z] GET /api/products - Content-Length: 0 - IP: ::1
[2026-08-04T09:16:18.888Z] GET /api/banners/categories - Content-Length: 0 - IP: ::1
[2026-08-04T09:16:19.006Z] GET /api/banners - Content-Length: 0 - IP: ::1
[2026-08-04T09:16:19.097Z] GET /api/banners/categories - Content-Length: 0 - IP: ::1
[2026-08-04T09:16:19.103Z] GET /api/products - Content-Length: 0 - IP: ::1
[2026-08-04T09:16:19.108Z] GET /api/auth/me - Content-Length: 0 - IP: ::1
[2026-08-04T09:16:20.613Z] GET /api/banners/categories - Content-Length: 0 - IP: ::ffff:127.0.0.1
[2026-08-04T09:16:20.624Z] GET /api/products - Content-Length: 0 - IP: ::ffff:127.0.0.1
[2026-08-04T09:16:20.644Z] GET /api/banners - Content-Length: 0 - IP: ::ffff:127.0.0.1
[2026-08-04T09:16:21.510Z] GET /api/products - Content-Length: 0 - IP: ::1
[2026-08-04T09:16:21.513Z] GET /api/banners/categories - Content-Length: 0 - IP: ::1
[2026-08-04T09:16:21.529Z] GET /api/products - Content-Length: 0 - IP: ::1
[2026-08-04T09:16:21.547Z] GET /api/auth/me - Content-Length: 0 - IP: ::1
[2026-08-04T09:16:21.555Z] GET /api/banners/categories - Content-Length: 0 - IP: ::1
[2026-08-04T09:16:21.560Z] GET /api/banners/categories - Content-Length: 0 - IP: ::1
[2026-08-04T09:16:21.565Z] GET /api/banners - Content-Length: 0 - IP: ::1
[2026-08-04T09:16:21.600Z] GET /api/products - Content-Length: 0 - IP: ::1
[2026-08-04T09:16:21.604Z] GET /api/auth/me - Content-Length: 0 - IP: ::1
[2026-08-04T09:16:26.169Z] GET /api/products/winter-01 - Content-Length: 0 - IP: ::1
[2026-08-04T09:16:27.145Z] GET /api/products - Content-Length: 0 - IP: ::1
[2026-08-04T09:16:27.148Z] GET /api/banners/categories - Content-Length: 0 - IP: ::1
[2026-08-04T09:16:27.153Z] GET /api/auth/me - Content-Length: 0 - IP: ::1
[2026-08-04T09:16:27.352Z] OPTIONS /api/auth/register - Content-Length: 0 - IP: ::1
[2026-08-04T09:16:27.357Z] POST /api/auth/register - Content-Length: 72 - IP: ::1
[2026-08-04T09:16:28.879Z] OPTIONS /api/products/sync-stock - Content-Length: 0 - IP: ::1
[2026-08-04T09:16:28.883Z] POST /api/products/sync-stock - Content-Length: 12 - IP: ::1
[2026-08-04T09:16:29.146Z] POST /api/auth/logout - Content-Length: 0 - IP: ::1
[2026-08-04T09:16:33.805Z] GET /api/notifications - Content-Length: 0 - IP: ::1
[2026-08-04T09:16:48.806Z] GET /api/notifications - Content-Length: 0 - IP: ::1
[2026-08-04T09:17:03.810Z] GET /api/notifications - Content-Length: 0 - IP: ::1
[2026-08-04T09:17:18.806Z] GET /api/notifications - Content-Length: 0 - IP: ::1
[2026-08-04T09:17:33.817Z] GET /api/notifications - Content-Length: 0 - IP: ::1
[2026-08-04T09:17:48.663Z] GET /api/products - Content-Length: 0 - IP: ::1
[2026-08-04T09:17:48.665Z] GET /api/banners/categories - Content-Length: 0 - IP: ::1
[2026-08-04T09:17:48.667Z] GET /api/banners - Content-Length: 0 - IP: ::1
[2026-08-04T09:17:48.670Z] GET /api/products - Content-Length: 0 - IP: ::1
[2026-08-04T09:17:48.673Z] GET /api/auth/me - Content-Length: 0 - IP: ::1
[2026-08-04T09:17:48.675Z] GET /api/banners/categories - Content-Length: 0 - IP: ::1
[2026-08-04T09:17:48.679Z] GET /api/auth/me - Content-Length: 0 - IP: ::1
[2026-08-04T09:17:48.683Z] GET /api/products - Content-Length: 0 - IP: ::1
[2026-08-04T09:17:48.685Z] GET /api/banners/categories - Content-Length: 0 - IP: ::1
[2026-08-04T09:17:48.686Z] GET /api/banners - Content-Length: 0 - IP: ::1
[2026-08-04T09:17:48.697Z] GET /api/auth/me - Content-Length: 0 - IP: ::1
[2026-08-04T09:17:48.862Z] GET /api/notifications - Content-Length: 0 - IP: ::1
[2026-08-04T09:17:48.892Z] GET /api/products - Content-Length: 0 - IP: ::1
[2026-08-04T09:17:48.893Z] GET /api/banners/categories - Content-Length: 0 - IP: ::1
[2026-08-04T09:17:48.896Z] GET /api/auth/me - Content-Length: 0 - IP: ::1
[2026-08-04T09:17:50.509Z] GET /api/banners - Content-Length: 0 - IP: ::1
[2026-08-04T09:17:50.510Z] GET /api/banners - Content-Length: 0 - IP: ::1
[2026-08-04T09:17:51.301Z] OPTIONS /api/auth/register - Content-Length: 0 - IP: ::1
[2026-08-04T09:17:51.306Z] POST /api/auth/register - Content-Length: 72 - IP: ::1
[2026-08-04T09:17:51.611Z] GET /api/products - Content-Length: 0 - IP: ::1
[2026-08-04T09:17:51.613Z] GET /api/banners/categories - Content-Length: 0 - IP: ::1
[2026-08-04T09:17:51.906Z] GET /api/products - Content-Length: 0 - IP: ::1
[2026-08-04T09:17:51.907Z] GET /api/banners/categories - Content-Length: 0 - IP: ::1
[2026-08-04T09:17:53.121Z] GET /api/products/winter-01 - Content-Length: 0 - IP: ::1
[2026-08-04T09:17:53.476Z] POST /api/auth/logout - Content-Length: 0 - IP: ::1
[2026-08-04T09:17:53.725Z] OPTIONS /api/products/sync-stock - Content-Length: 0 - IP: ::1
[2026-08-04T09:17:53.726Z] POST /api/products/sync-stock - Content-Length: 12 - IP: ::1
[2026-08-04T09:18:00.833Z] GET /api/products - Content-Length: 0 - IP: ::ffff:127.0.0.1
[2026-08-04T09:18:00.835Z] GET /api/banners/categories - Content-Length: 0 - IP: ::ffff:127.0.0.1
[2026-08-04T09:18:00.836Z] GET /api/banners - Content-Length: 0 - IP: ::ffff:127.0.0.1
[2026-08-04T09:18:00.838Z] GET /api/auth/me - Content-Length: 0 - IP: ::ffff:127.0.0.1
[2026-08-04T09:18:01.134Z] GET /api/products - Content-Length: 0 - IP: ::ffff:127.0.0.1
[2026-08-04T09:18:01.432Z] GET /api/banners/categories - Content-Length: 0 - IP: ::ffff:127.0.0.1
[2026-08-04T09:18:03.843Z] GET /api/notifications - Content-Length: 0 - IP: ::1
[2026-08-04T09:18:04.074Z] OPTIONS /api/auth/register - Content-Length: 0 - IP: ::ffff:127.0.0.1
[2026-08-04T09:18:04.078Z] POST /api/auth/register - Content-Length: 72 - IP: ::ffff:127.0.0.1
[2026-08-04T09:18:05.195Z] GET /api/products - Content-Length: 0 - IP: ::ffff:127.0.0.1
[2026-08-04T09:18:05.205Z] GET /api/banners/categories - Content-Length: 0 - IP: ::ffff:127.0.0.1
[2026-08-04T09:18:05.208Z] GET /api/banners - Content-Length: 0 - IP: ::ffff:127.0.0.1
[2026-08-04T09:18:05.217Z] GET /api/auth/me - Content-Length: 0 - IP: ::ffff:127.0.0.1
[2026-08-04T09:18:05.511Z] GET /api/banners/categories - Content-Length: 0 - IP: ::ffff:127.0.0.1
[2026-08-04T09:18:05.695Z] POST /api/auth/logout - Content-Length: 0 - IP: ::ffff:127.0.0.1
[2026-08-04T09:18:05.789Z] GET /api/products - Content-Length: 0 - IP: ::ffff:127.0.0.1
[2026-08-04T09:18:06.378Z] GET /api/products - Content-Length: 0 - IP: ::ffff:127.0.0.1
[2026-08-04T09:18:06.380Z] GET /api/banners/categories - Content-Length: 0 - IP: ::ffff:127.0.0.1
[2026-08-04T09:18:06.382Z] GET /api/auth/me - Content-Length: 0 - IP: ::ffff:127.0.0.1
[2026-08-04T09:18:06.486Z] GET /api/products - Content-Length: 0 - IP: ::ffff:127.0.0.1
[2026-08-04T09:18:06.491Z] GET /api/banners/categories - Content-Length: 0 - IP: ::ffff:127.0.0.1
[2026-08-04T09:18:06.508Z] GET /api/auth/me - Content-Length: 0 - IP: ::ffff:127.0.0.1
[2026-08-04T09:18:07.514Z] GET /api/products/winter-01 - Content-Length: 0 - IP: ::ffff:127.0.0.1
[2026-08-04T09:18:08.335Z] GET /api/banners/categories - Content-Length: 0 - IP: ::ffff:127.0.0.1
[2026-08-04T09:18:08.352Z] GET /api/banners - Content-Length: 0 - IP: ::ffff:127.0.0.1
[2026-08-04T09:18:08.357Z] GET /api/products - Content-Length: 0 - IP: ::ffff:127.0.0.1
[2026-08-04T09:18:08.417Z] GET /api/banners/categories - Content-Length: 0 - IP: ::ffff:127.0.0.1
[2026-08-04T09:18:08.422Z] GET /api/products - Content-Length: 0 - IP: ::ffff:127.0.0.1
[2026-08-04T09:18:08.429Z] GET /api/banners - Content-Length: 0 - IP: ::ffff:127.0.0.1
[2026-08-04T09:18:09.706Z] OPTIONS /api/products/sync-stock - Content-Length: 0 - IP: ::ffff:127.0.0.1
[2026-08-04T09:18:09.726Z] POST /api/products/sync-stock - Content-Length: 12 - IP: ::ffff:127.0.0.1
[2026-08-04T09:18:13.134Z] GET /api/products - Content-Length: 0 - IP: ::1
[2026-08-04T09:18:13.135Z] GET /api/banners/categories - Content-Length: 0 - IP: ::1
[2026-08-04T09:18:13.137Z] GET /api/auth/me - Content-Length: 0 - IP: ::1
[2026-08-04T09:18:14.579Z] GET /api/products - Content-Length: 0 - IP: ::1
[2026-08-04T09:18:14.583Z] GET /api/banners/categories - Content-Length: 0 - IP: ::1
[2026-08-04T09:18:14.586Z] GET /api/banners/categories - Content-Length: 0 - IP: ::1
[2026-08-04T09:18:14.589Z] GET /api/banners - Content-Length: 0 - IP: ::1
[2026-08-04T09:18:14.592Z] GET /api/products - Content-Length: 0 - IP: ::1
[2026-08-04T09:18:14.597Z] GET /api/auth/me - Content-Length: 0 - IP: ::1
[2026-08-04T09:18:14.749Z] GET /api/products - Content-Length: 0 - IP: ::1
[2026-08-04T09:18:14.752Z] GET /api/banners/categories - Content-Length: 0 - IP: ::1
[2026-08-04T09:18:14.758Z] GET /api/banners/categories - Content-Length: 0 - IP: ::1
[2026-08-04T09:18:14.796Z] GET /api/banners - Content-Length: 0 - IP: ::1
[2026-08-04T09:18:14.798Z] GET /api/products - Content-Length: 0 - IP: ::1
[2026-08-04T09:18:14.801Z] GET /api/auth/me - Content-Length: 0 - IP: ::1
[2026-08-04T09:18:16.171Z] GET /api/products - Content-Length: 0 - IP: ::1
[2026-08-04T09:18:16.177Z] GET /api/banners/categories - Content-Length: 0 - IP: ::1
[2026-08-04T09:18:16.185Z] GET /api/auth/me - Content-Length: 0 - IP: ::1
[2026-08-04T09:18:18.125Z] GET /api/products/winter-01 - Content-Length: 0 - IP: ::1
[2026-08-04T09:18:18.814Z] GET /api/notifications - Content-Length: 0 - IP: ::1
[2026-08-04T09:18:18.939Z] OPTIONS /api/auth/register - Content-Length: 0 - IP: ::1
[2026-08-04T09:18:18.941Z] POST /api/auth/register - Content-Length: 72 - IP: ::1
[2026-08-04T09:18:19.796Z] OPTIONS /api/products/sync-stock - Content-Length: 0 - IP: ::1
[2026-08-04T09:18:19.799Z] POST /api/products/sync-stock - Content-Length: 12 - IP: ::1
[2026-08-04T09:18:20.576Z] POST /api/auth/logout - Content-Length: 0 - IP: ::1
[2026-08-04T09:18:33.806Z] GET /api/notifications - Content-Length: 0 - IP: ::1
[2026-08-04T09:18:48.809Z] GET /api/notifications - Content-Length: 0 - IP: ::1
[2026-08-04T09:19:48.810Z] GET /api/notifications - Content-Length: 0 - IP: ::1
[2026-08-04T09:20:48.819Z] GET /api/notifications - Content-Length: 0 - IP: ::1
